customer_id,age,gender,region,education_level,employment_type,annual_income,loan_amount,loan_purpose,credit_score,repayment_history,transaction_count,spending_ratio,join_date,default_flag
1001,56,Other,North,Graduate,Unemployed,763214.57,214669.67,Home,742,9,121,78.16,54:25.3,0
1002,69,Other,West,Post-Graduate,Self-Employed,585157.8,308528.42,Car,717,8,61,26.14,54:25.3,1
1003,46,Other,South,Primary,Unemployed,817492.83,418049.09,Home,622,2,100,64.1,54:25.3,0
1004,32,Male,South,Graduate,Salaried,784832.36,527840.2,Other,683,11,51,33.73,54:25.3,0
1005,60,Other,East,,Salaried,515473.29,365736.5,Business,,2,98,20.02,54:25.3,0
1006,25,Male,South,Post-Graduate,Salaried,735319.6,172959.13,Car,724,9,137,70.05,54:25.3,0
1007,38,Female,South,Post-Graduate,Salaried,492808.17,497086.43,Business,709,8,2,31.62,54:25.3,0
1008,,Other,East,Primary,Self-Employed,,298053.13,Business,566,9,5,56.12,54:25.3,1
1009,36,Male,South,Graduate,Salaried,340176.67,216229.06,Education,685,2,190,,54:25.3,0
1010,40,Male,South,Primary,Self-Employed,355557.64,192060.75,Education,638,7,197,43.02,54:25.3,0
1011,28,Other,South,Post-Graduate,Salaried,811641.41,383632.87,Car,,1,180,44.71,54:25.3,0
1012,28,Female,South,Primary,Self-Employed,787512.02,323882.94,Education,606,12,86,,54:25.3,0
1013,,Female,East,Post-Graduate,Unemployed,726722.31,334507.54,Education,755,2,133,16.14,54:25.3,0
1014,53,Female,South,Primary,Salaried,617593.76,428650.31,Education,712,1,187,56.77,54:25.3,0
1015,57,Male,South,Graduate,Self-Employed,121745.11,219784.54,Business,606,0,68,72.71,54:25.3,0
1016,41,Male,East,Graduate,Unemployed,585024.81,436615.46,Car,570,1,9,14.05,54:25.3,0
1017,20,Male,West,Primary,Salaried,690836.63,248084.27,Business,627,7,93,,54:25.3,0
1018,39,Male,North,Primary,Salaried,493053.35,516400.74,Other,676,8,,60.16,54:25.3,0
1019,19,Female,West,Graduate,Salaried,457501.16,359873.9,Business,664,12,155,40.61,54:25.3,0
1020,41,Other,East,Post-Graduate,Self-Employed,888884.08,207976.15,Other,725,1,138,38.25,54:25.3,0
1021,61,Male,North,Graduate,Self-Employed,587942.2,97458.19,Home,,6,125,19.59,54:25.3,1
1022,47,Male,East,Post-Graduate,Unemployed,690959.03,380892.47,Home,708,4,61,45.47,54:25.3,0
1023,55,Female,East,Primary,Self-Employed,754826.29,262581.97,Other,670,2,,18.86,54:25.3,0
1024,19,Other,South,Primary,Self-Employed,399712.58,284443.43,Other,567,8,10,43.36,54:25.3,1
1025,38,Other,North,Post-Graduate,Salaried,638641.48,376619.6,Business,638,5,134,63.45,54:25.3,0
1026,50,Female,South,Primary,Salaried,863928.9,401041.38,Other,714,10,62,28.08,54:25.3,0
1027,29,Female,North,Post-Graduate,Salaried,963844.64,422371.03,Car,647,0,113,43.66,54:25.3,0
1028,39,Other,East,Secondary,Salaried,607987.28,182515.87,Home,680,4,133,79.44,54:25.3,0
1029,61,Male,East,Graduate,Salaried,552411.29,442589.47,Home,631,6,122,58.07,54:25.3,0
1030,,Other,West,Secondary,Salaried,653804.81,242095.47,Other,588,3,198,68.89,54:25.3,0
1031,66,Female,North,Post-Graduate,Salaried,648727.41,74375.01,,643,7,,39.04,54:25.3,0
1032,44,Male,South,Graduate,Unemployed,877351.61,182155.97,Education,669,,123,63.75,54:25.3,0
1033,59,Male,West,Post-Graduate,Unemployed,400721.66,321802.51,Other,611,,184,12.84,54:25.3,1
1034,45,Female,West,Graduate,Unemployed,544025.38,202118.58,Car,636,8,187,18.6,,0
1035,33,Female,West,Graduate,Unemployed,376571.73,291195.55,Education,594,8,63,24.21,54:25.3,0
1036,32,Female,South,Graduate,,397581.02,333825.25,,717,8,111,38.14,54:25.3,0
1037,64,Other,West,Graduate,Unemployed,675314.8,281861.46,Car,632,0,89,69.2,54:25.3,0
1038,68,Other,South,Post-Graduate,Salaried,761971.57,250564.57,Car,737,1,187,34.24,54:25.3,0
1039,61,Male,West,Graduate,Unemployed,470121.66,174930.39,Business,742,2,51,55.82,54:25.3,1
1040,69,Female,South,Graduate,Self-Employed,754418.96,302194.38,Car,645,3,178,59.65,54:25.3,0
1041,20,Male,East,Secondary,Unemployed,822315.73,,Education,589,9,132,51.03,54:25.3,0
1042,54,Male,East,Primary,Unemployed,986941.2,231400.2,Education,525,8,104,35.01,54:25.3,0
1043,68,Male,East,Primary,Salaried,613949.37,207221.59,Other,562,9,123,50.39,54:25.3,0
1044,24,Male,East,Secondary,,472047.09,276062.31,Other,568,12,48,33.96,54:25.3,0
1045,38,Female,East,Secondary,Self-Employed,399505.61,278667.02,Car,733,5,32,15.87,54:25.3,0
1046,26,Male,West,Post-Graduate,,379641.36,395995.67,Home,657,0,120,79.5,54:25.3,0
1047,56,Female,West,Post-Graduate,Salaried,849956.14,458347.73,Business,673,11,179,18.9,54:25.3,0
1048,35,Female,West,Post-Graduate,Unemployed,296980.93,188222.12,Home,517,8,180,15.06,54:25.3,0
1049,21,Other,South,Secondary,Salaried,843549.7,499283.26,Car,578,5,99,71.5,54:25.3,0
1050,42,Female,South,Secondary,,426311.79,,Car,703,3,74,31.13,54:25.3,0
1051,31,Other,South,Graduate,Salaried,462958.76,317252.68,Home,667,3,34,55.52,54:25.3,0
1052,67,Female,South,Post-Graduate,Salaried,569688.91,351086.3,Business,641,2,164,33.03,54:25.3,0
1053,26,Female,East,Post-Graduate,Salaried,459269.09,544458.28,Home,,6,70,37.4,54:25.3,0
1054,43,Female,East,Post-Graduate,Salaried,786395.95,245771.77,Other,748,2,171,28.35,54:25.3,0
1055,19,Other,East,Primary,,962668.79,120326.2,Education,637,1,110,34.01,54:25.3,0
1056,37,Other,North,Graduate,Unemployed,468513.57,449037.95,Other,654,9,16,38.75,54:25.3,1
1057,45,Male,West,,Self-Employed,513552.43,216662.64,Education,662,7,59,60.43,54:25.3,0
1058,,Other,South,Post-Graduate,Salaried,567335.84,263841.14,Car,794,3,181,45.81,54:25.3,1
1059,24,,South,Post-Graduate,Salaried,708211.35,188225.03,Business,524,7,19,,54:25.3,0
1060,61,Other,East,Primary,Unemployed,569303.14,264129.62,Home,691,0,95,12.93,54:25.3,0
1061,25,Other,South,Primary,Self-Employed,877451.48,215960.85,Business,643,4,113,45.21,54:25.3,1
1062,64,Male,South,Secondary,Unemployed,829324.78,367644.18,Home,684,12,41,50.9,,0
1063,52,Other,West,Graduate,Self-Employed,362907.53,308079.16,Other,611,8,81,74.41,54:25.3,0
1064,31,Female,East,Secondary,Salaried,704193.63,231894.48,Other,647,0,175,,54:25.3,0
1065,34,Female,West,Graduate,Unemployed,904067.85,399587.2,Home,693,10,103,50.14,54:25.3,1
1066,53,Other,North,Primary,Unemployed,501043.81,325499.68,Business,837,12,54,69.75,,1
1067,67,Other,North,Post-Graduate,Salaried,541147.03,115395.17,Home,698,3,183,26.93,54:25.3,0
1068,57,Female,North,Secondary,Unemployed,494392.6,391970.33,Car,599,5,95,71.34,,0
1069,21,Female,,Post-Graduate,Self-Employed,,318486.79,Other,625,9,147,11.33,54:25.3,0
1070,19,Male,South,Secondary,Self-Employed,266309.69,439073.25,Car,623,7,62,61.27,,0
1071,23,Female,East,Primary,,334337.01,312391.74,Other,542,2,99,75.32,54:25.3,0
1072,59,Female,East,Primary,Self-Employed,615494.74,220829.06,Other,630,4,93,56,54:25.3,0
1073,21,Other,South,Primary,Salaried,902719.59,279570.47,Education,,6,187,40.73,54:25.3,0
1074,46,Female,West,Secondary,Unemployed,477327.84,380391.93,Car,574,0,65,13.14,54:25.3,0
1075,35,Male,North,Graduate,Self-Employed,471448.54,222926.29,Car,713,6,68,74.41,54:25.3,0
1076,43,Female,West,Secondary,Salaried,940304.21,255970.32,Education,679,12,28,42.92,54:25.3,1
1077,61,Other,North,Graduate,Unemployed,378348.51,277831.14,Business,606,11,18,12.03,54:25.3,0
1078,51,Other,East,Secondary,Unemployed,267751.37,185062.84,Car,642,10,26,58.29,,0
1079,27,Female,,Secondary,Salaried,,224367.66,Home,746,7,104,43.73,54:25.3,1
1080,53,Other,East,Primary,Salaried,467443.1,317255.02,Education,694,,147,18.7,54:25.3,0
1081,31,Male,West,Post-Graduate,Self-Employed,250509.38,420247.77,Car,651,8,55,25,54:25.3,0
1082,48,Male,East,Post-Graduate,Unemployed,574391.66,331714.7,Business,636,5,119,14.51,,0
1083,65,,West,Graduate,Unemployed,789689.27,295413.87,Car,,11,124,50.2,,0
1084,32,Female,South,Post-Graduate,,342809.05,216872.92,Other,619,5,185,53.54,54:25.3,0
1085,25,Female,South,Secondary,Unemployed,617515.64,409516.04,Home,524,1,134,45.4,54:25.3,0
1086,31,Other,South,Secondary,Self-Employed,679187.14,343350.55,Education,773,2,129,67.2,54:25.3,0
1087,40,Male,East,Primary,Unemployed,583323.14,,Other,659,3,8,70.27,54:25.3,1
1088,57,Male,South,Primary,Salaried,637138.52,389864.85,Business,674,3,51,53.09,54:25.3,0
1089,38,Other,North,Post-Graduate,Salaried,639465.45,355957.71,Other,647,7,85,10.89,54:25.3,0
1090,33,Male,West,Graduate,Self-Employed,437454.41,218646.97,Other,606,0,25,58.67,54:25.3,0
1091,62,Female,West,Post-Graduate,Self-Employed,899716.51,289862.17,Business,639,9,175,39.26,54:25.3,0
1092,35,Female,North,Post-Graduate,Unemployed,849551.37,250722.73,Other,554,,183,49.59,54:25.3,0
1093,64,Female,East,Post-Graduate,Unemployed,837982.28,,Education,787,10,192,55.44,54:25.3,1
1094,41,Male,East,Post-Graduate,Salaried,802735.15,353174.49,Car,576,11,83,34.52,54:25.3,0
1095,43,Female,West,,Self-Employed,285004.11,318676.21,Other,588,12,93,,54:25.3,0
1096,42,Other,South,Graduate,Self-Employed,785212.48,347266.31,Education,624,10,117,19.38,54:25.3,0
1097,62,,East,Secondary,Self-Employed,731120.29,437916.26,Car,,10,138,57.01,54:25.3,0
1098,58,Male,East,Graduate,Unemployed,292695.28,291661.99,Car,651,3,56,10.31,54:25.3,0
1099,46,Other,North,Primary,Self-Employed,557017.93,241009.07,Other,576,0,12,74.73,54:25.3,0
1100,,Other,North,Post-Graduate,Salaried,655358.69,384428.32,Education,725,2,161,17.88,54:25.3,0
1101,62,Male,South,Secondary,Salaried,932863.42,282505.54,Other,694,4,120,16.64,54:25.3,0
1102,18,Female,East,Graduate,Unemployed,744944.77,193010.47,Business,682,5,71,33.31,54:25.3,0
1103,42,Female,East,Primary,Unemployed,427086.85,173531.36,Car,693,8,17,36.15,54:25.3,0
1104,24,Female,North,Primary,Self-Employed,939077.69,452929.66,Other,,8,189,25,54:25.3,0
1105,26,Male,East,Post-Graduate,Unemployed,608755.95,313164.46,Car,781,8,122,50.96,,0
1106,41,Other,West,Graduate,Salaried,,,Education,609,,124,41,54:25.3,0
1107,18,Female,North,Secondary,Self-Employed,534576.36,276566.51,Home,747,0,10,12.39,54:25.3,0
1108,61,Female,South,Post-Graduate,Salaried,275288.95,380744.47,Other,673,11,31,32.38,54:25.3,1
1109,25,Male,North,Secondary,Self-Employed,578046.1,270659.45,Other,680,8,60,66.73,54:25.3,0
1110,41,Female,East,Primary,Unemployed,699497.05,155058.03,Car,548,12,70,58.28,54:25.3,0
1111,28,Male,South,Secondary,Self-Employed,522923.33,332584.09,Education,640,7,17,60.74,54:25.3,1
1112,68,Other,North,Secondary,Self-Employed,684090.5,420834.78,Business,601,1,50,58.87,54:25.3,0
1113,34,Male,West,Post-Graduate,Salaried,427121.79,414146.43,Education,,,37,31.77,54:25.3,0
1114,25,Male,West,Secondary,Salaried,571814.42,244067.01,Other,714,10,190,16.98,54:25.3,0
1115,52,,North,Post-Graduate,Self-Employed,663308.07,426917.27,Business,526,0,118,29.07,54:25.3,0
1116,52,Male,West,Primary,Unemployed,637932.18,321295,Education,649,0,157,68.22,54:25.3,0
1117,50,Other,,Post-Graduate,Unemployed,,424114.73,,717,11,160,78.63,54:25.3,0
1118,22,Other,West,Post-Graduate,Salaried,512198.81,357368.7,Car,639,5,80,44.57,54:25.3,0
1119,59,Female,South,Graduate,Unemployed,935492.59,147840.32,Education,694,8,11,10.68,,0
1120,,Other,West,Secondary,Salaried,,474673.89,Education,671,6,134,19.8,54:25.3,0
1121,58,Other,West,Primary,Unemployed,603161.51,305178.39,Home,670,4,123,32.55,54:25.3,0
1122,,Female,West,Post-Graduate,Self-Employed,582648.85,357679.38,Other,,10,35,50.5,,0
1123,24,Other,South,Primary,Salaried,913647.95,165595.54,Car,577,1,33,15.26,54:25.3,0
1124,26,Male,North,Graduate,Salaried,858073.62,350532.65,Education,583,0,18,76.04,54:25.3,0
1125,25,Male,East,Secondary,Self-Employed,761506.2,410292.77,Business,693,1,165,35.56,,0
1126,29,Female,West,Post-Graduate,Salaried,405351.54,493532.03,Education,651,0,13,73.88,54:25.3,0
1127,51,Female,North,Secondary,Unemployed,671836.61,440039.98,Car,642,2,90,64.64,,0
1128,50,Female,,Graduate,Unemployed,713588.35,355422.47,Education,625,5,110,62.88,54:25.3,0
1129,65,Male,South,Graduate,,460279.03,145562.26,Home,632,12,192,52.47,54:25.3,1
1130,40,Other,North,Primary,,425896.58,313227.28,Education,713,7,1,53.87,54:25.3,0
1131,41,Male,South,Post-Graduate,Salaried,941002.83,240749.04,Education,630,2,63,54.66,54:25.3,0
1132,54,Female,West,Primary,Self-Employed,539839.34,323497.79,Business,570,9,34,54.01,54:25.3,0
1133,52,Other,West,Graduate,Salaried,922995.36,178367.42,Home,695,8,103,48.76,54:25.3,0
1134,61,Other,South,Secondary,Self-Employed,799418.75,278983.31,Home,638,9,10,79.05,54:25.3,0
1135,57,,East,Primary,Unemployed,681575.36,248281.69,Education,,4,128,61.26,54:25.3,0
1136,39,Female,South,Primary,Self-Employed,690506.29,245183.36,Business,746,6,7,64.39,54:25.3,1
1137,44,Male,West,Secondary,Unemployed,319916.09,246176.38,Education,649,7,56,71.07,54:25.3,0
1138,52,Other,South,Primary,Salaried,641354.96,286414.53,Education,667,2,80,,54:25.3,0
1139,18,Male,East,Secondary,Unemployed,883404.08,328619.48,Car,579,1,165,15.87,54:25.3,0
1140,52,Male,South,Post-Graduate,Salaried,736267.9,50150.64,Car,637,1,157,43.8,54:25.3,1
1141,54,Female,East,Secondary,,630867.34,62356.71,Business,687,4,12,45.99,54:25.3,0
1142,,Female,East,Post-Graduate,Self-Employed,,266130.87,Other,557,0,145,68.04,54:25.3,0
1143,31,Other,South,Secondary,Self-Employed,,280223.1,Car,662,1,48,41.06,54:25.3,0
1144,20,Male,South,Graduate,Self-Employed,476088.86,318911.12,Other,656,12,26,49.96,54:25.3,0
1145,18,Male,North,Graduate,Self-Employed,630766.38,227232.76,,652,8,112,46.89,54:25.3,0
1146,22,Male,West,Post-Graduate,Unemployed,753293.47,,Car,712,6,122,12.67,54:25.3,1
1147,43,Other,East,Post-Graduate,Unemployed,256441.18,312652.32,Car,670,5,12,53.07,,0
1148,31,,North,Graduate,Unemployed,656973.73,226544.19,Business,739,8,149,67.96,54:25.3,0
1149,56,Female,South,Post-Graduate,Salaried,762069,401345.58,Other,590,6,42,,54:25.3,0
1150,44,Female,West,Secondary,Unemployed,546071.67,317698.63,Car,658,10,61,51.6,54:25.3,0
1151,26,Female,North,Secondary,Unemployed,821392.95,354696.11,Car,655,4,,51.55,54:25.3,0
1152,32,Male,East,Graduate,Unemployed,728237.33,306884.57,Business,586,8,182,21.49,54:25.3,1
1153,32,Male,North,,Self-Employed,,,Business,707,5,34,18.64,54:25.3,0
1154,43,Female,,Secondary,Unemployed,449879.42,359639.71,Other,789,5,7,78.6,54:25.3,1
1155,59,Male,South,Post-Graduate,Salaried,766141.97,251200.67,Home,649,10,109,37.56,54:25.3,0
1156,30,Female,West,Primary,Self-Employed,396535.22,382096.69,Home,680,3,35,25.92,54:25.3,0
1157,68,Other,West,Primary,,276926.71,136239.51,Education,655,12,15,21.99,54:25.3,0
1158,49,Female,West,Secondary,Unemployed,192893.83,311960.03,,607,11,193,56.73,54:25.3,0
1159,56,Other,South,Secondary,Self-Employed,707664.8,331916.03,Other,541,0,25,52.66,54:25.3,0
1160,66,Male,,Primary,Salaried,636849.58,313102.08,Car,,4,59,55.05,54:25.3,0
1161,69,Female,South,Primary,Unemployed,504189.79,266622.11,Other,566,10,79,16.16,54:25.3,0
1162,49,Male,West,Graduate,Salaried,245299.13,198772.66,Other,752,8,86,72.55,54:25.3,0
1163,21,Other,South,Post-Graduate,Salaried,461922.67,221065.3,Other,643,12,134,37.25,54:25.3,1
1164,47,Other,South,Graduate,Salaried,600818.6,310207.49,Car,629,7,180,31.94,54:25.3,0
1165,54,Other,South,Secondary,Unemployed,758633.87,188648.08,Business,703,7,88,42.37,54:25.3,1
1166,40,Male,East,,Unemployed,596692.85,477016.76,Car,583,4,149,37.3,54:25.3,0
1167,56,Male,North,Graduate,Salaried,650412.07,35910.23,Other,604,11,71,70.45,54:25.3,0
1168,62,Male,North,Graduate,Self-Employed,524773.52,267656.21,Education,654,8,121,75.05,54:25.3,0
1169,32,Male,South,Graduate,Self-Employed,949844.84,311038.96,Home,712,,93,,54:25.3,0
1170,60,Other,North,Post-Graduate,,396350.07,350742.09,Other,680,2,96,70.48,54:25.3,0
1171,46,Other,North,Post-Graduate,Unemployed,460152.36,208407.53,Education,665,0,32,64.71,54:25.3,0
1172,53,Female,South,Primary,Unemployed,501528.39,413429.48,,655,,53,75.16,54:25.3,0
1173,30,Female,South,Secondary,Unemployed,708540.88,160616.9,Other,674,5,59,27.2,54:25.3,0
1174,49,Male,West,Graduate,Unemployed,392228.04,243387.14,Education,662,1,69,50.39,54:25.3,0
1175,24,Other,North,Primary,Self-Employed,627143.72,362074.76,Other,588,7,190,29.22,54:25.3,0
1176,68,Other,East,Primary,Unemployed,632982.03,404018.86,Car,653,11,132,67.69,54:25.3,0
1177,39,Other,South,,Salaried,461128.41,159599.87,Education,586,8,86,10.37,54:25.3,0
1178,45,Female,,Post-Graduate,Salaried,665995.89,564503.68,Car,655,8,18,49.54,54:25.3,0
1179,19,Female,East,Graduate,Self-Employed,398437.22,210250.84,Car,621,1,81,33.74,54:25.3,0
1180,59,Other,North,Graduate,Salaried,376585.17,168781.75,Education,802,1,114,32.59,,0
1181,62,Other,West,Secondary,Self-Employed,619921.15,350271.49,Home,648,12,184,55.14,54:25.3,0
1182,23,,South,Graduate,Self-Employed,268048.88,265170.65,Education,566,6,24,69.6,54:25.3,0
1183,45,Female,East,Graduate,Salaried,171039.46,250394.77,Home,642,10,66,52.64,54:25.3,0
1184,45,Other,South,Primary,Unemployed,706566.66,359564.41,Other,,3,141,69.72,54:25.3,0
1185,61,Other,North,Secondary,Salaried,809793.99,147270.43,Other,750,12,62,28.52,54:25.3,0
1186,61,Male,East,Graduate,Salaried,,129786.56,Education,615,0,54,46.37,54:25.3,0
1187,37,Male,North,Post-Graduate,Self-Employed,466385.87,240257.66,Other,555,7,143,41.54,54:25.3,0
1188,47,Female,North,Graduate,Salaried,801107.05,407790.17,Business,699,1,197,10.82,,0
1189,,Other,West,Primary,,370892.36,244594.47,Car,567,,131,,54:25.3,0
1190,45,Other,South,Post-Graduate,Unemployed,327325.48,459915.67,Car,624,4,37,56.31,54:25.3,0
1191,42,Male,,Primary,Unemployed,741527.28,420101.48,Home,635,2,37,51.43,54:25.3,0
1192,56,,North,Graduate,Unemployed,601807.64,328294.62,Other,646,6,131,61.54,54:25.3,0
1193,,Male,North,Post-Graduate,Salaried,812975.35,333972.39,Home,691,6,191,49.99,54:25.3,0
1194,,Male,East,Secondary,,171946.82,328200.26,Car,609,1,35,14.67,54:25.3,0
1195,44,Male,North,Secondary,Unemployed,319865.2,315971.77,Car,634,12,180,18.15,,0
1196,69,Male,West,Post-Graduate,Self-Employed,602866.41,263375.83,Other,649,12,124,51.75,54:25.3,1
1197,30,Other,West,Post-Graduate,Self-Employed,683534.74,274981.22,Business,659,6,156,29.25,54:25.3,1
1198,58,Other,West,Primary,Unemployed,,193003.98,Business,656,10,18,15.58,54:25.3,0
1199,20,Male,West,Post-Graduate,Unemployed,,78995.72,Other,676,5,122,40.07,54:25.3,0
1200,56,Female,North,Primary,Self-Employed,632931.03,410407.06,Other,701,9,164,48.8,54:25.3,0
1201,23,Female,East,Graduate,Unemployed,522119.69,315725.84,Home,674,8,161,33.01,54:25.3,0
1202,25,Female,East,Primary,Self-Employed,918180.98,300621.14,Other,677,12,192,60.43,54:25.3,0
1203,,Female,East,Post-Graduate,Self-Employed,379395.31,339844.91,Business,555,8,154,55.06,54:25.3,1
1204,26,Male,,Post-Graduate,Unemployed,671804.03,217160.25,Other,653,1,48,33.3,54:25.3,0
1205,54,Other,South,Graduate,Salaried,402438.23,199893.78,Home,679,6,168,62.84,54:25.3,0
1206,50,Female,East,Post-Graduate,Unemployed,706955.71,271631.53,Home,694,4,17,55.41,54:25.3,0
1207,68,Male,South,,Salaried,392596.49,436809.85,Home,,12,168,54.62,54:25.3,0
1208,59,Female,South,Secondary,Self-Employed,748763.14,183125.9,Home,610,5,,48.74,54:25.3,1
1209,61,Female,West,Secondary,Self-Employed,622420.99,37293.46,Education,616,0,57,10.8,54:25.3,1
1210,41,Male,South,,Salaried,948927.83,247859.89,Other,682,6,,58.76,54:25.3,0
1211,32,Other,,Primary,Self-Employed,543796.07,414269.99,Car,712,5,128,36.32,54:25.3,0
1212,49,Other,South,Secondary,Salaried,,126745.6,Other,626,3,117,75.98,54:25.3,0
1213,49,Male,West,Primary,Salaried,444068.74,181971.64,Education,704,0,56,67.26,54:25.3,0
1214,41,Other,South,Post-Graduate,Self-Employed,542421.4,326354.67,Home,657,8,126,,54:25.3,0
1215,58,Male,North,Secondary,Salaried,621149.9,556990.7,Education,643,,159,27.65,54:25.3,0
1216,69,Male,North,Graduate,Unemployed,294556.02,164178.83,Business,637,1,59,24.26,54:25.3,0
1217,66,Male,North,Graduate,Unemployed,316475.21,160306.59,Business,695,7,58,33.83,54:25.3,0
1218,66,,West,Graduate,Self-Employed,719971.86,333869.84,Other,670,1,140,43.36,54:25.3,0
1219,69,Male,West,Secondary,Self-Employed,570782.64,420467.44,Other,787,4,,30.72,54:25.3,0
1220,29,Female,East,,Salaried,481414.69,237590.13,,599,10,159,46.05,54:25.3,1
1221,56,Other,West,Post-Graduate,Salaried,452602.76,137860.58,Car,681,5,108,21.58,54:25.3,1
1222,19,Other,North,,Salaried,460302.24,343374.92,Business,618,10,191,78.44,54:25.3,1
1223,20,Other,North,Primary,Salaried,622510.14,361484.14,Home,598,12,74,,54:25.3,0
1224,66,Other,,Post-Graduate,Unemployed,689007.17,477865.51,Education,649,7,167,75.24,54:25.3,0
1225,54,Female,South,Post-Graduate,Unemployed,181578.55,365694.71,Car,658,10,148,73.95,54:25.3,0
1226,66,Other,West,Secondary,Self-Employed,882566.81,382806.61,Car,825,0,101,46.78,54:25.3,0
1227,34,Other,West,Secondary,Salaried,868340.15,273785.49,,639,0,48,60.74,54:25.3,0
1228,66,Male,North,Secondary,Salaried,133869.05,544150.43,Home,,11,71,40.52,54:25.3,0
1229,19,Other,East,Secondary,Self-Employed,817185.34,260185.8,Other,666,3,116,54.1,54:25.3,0
1230,19,Female,North,,Salaried,811043.77,238807.79,Education,526,4,182,33.84,54:25.3,1
1231,45,Female,East,Post-Graduate,Salaried,600089.1,480951.49,Home,644,12,122,31.08,54:25.3,0
1232,40,Female,North,Primary,Salaried,340566.28,152576.27,Car,651,12,78,50.48,54:25.3,0
1233,54,Female,West,Secondary,Salaried,803045.62,115259.16,Car,698,8,199,44.87,54:25.3,0
1234,49,Other,North,Secondary,Salaried,551753.79,311955.69,Business,708,10,29,50.57,54:25.3,0
1235,50,Other,North,,Self-Employed,709775.77,299826.35,Home,620,6,93,30.07,54:25.3,1
1236,18,,North,Secondary,Salaried,1043840.25,277211.2,Other,641,6,73,35.69,54:25.3,0
1237,36,Female,West,Primary,Self-Employed,650367.35,399392.98,Education,604,7,100,15.87,54:25.3,1
1238,19,Other,West,Primary,Salaried,416623.06,209179.38,Other,582,4,176,13.66,54:25.3,0
1239,61,Female,West,Post-Graduate,Unemployed,532853.8,306416.71,Car,669,4,74,27.74,54:25.3,0
1240,43,,West,Graduate,Unemployed,442110.93,263989.4,Other,574,0,184,15.2,54:25.3,0
1241,,Female,East,Post-Graduate,Unemployed,,210878.15,Car,625,8,95,17.26,54:25.3,0
1242,23,Female,East,Graduate,Unemployed,438786.49,293815.99,Car,590,5,17,66.9,54:25.3,0
1243,49,Male,South,Graduate,Self-Employed,505429.72,385259.58,Car,683,8,137,,54:25.3,0
1244,21,Male,West,Graduate,Self-Employed,343113.93,512056.81,Car,758,2,97,56.13,54:25.3,0
1245,28,Other,East,Secondary,Salaried,573582.6,357941.9,Car,572,4,162,29.08,54:25.3,0
1246,34,Other,North,Post-Graduate,Unemployed,635350.96,,Business,539,1,173,71.01,54:25.3,0
1247,55,Male,West,,Self-Employed,63042.39,296185.99,Other,643,9,9,43.95,,1
1248,41,Male,South,Primary,Salaried,651914.71,304980.28,Business,651,4,135,31.39,54:25.3,0
1249,22,Other,South,Secondary,Salaried,590859.95,393620.9,Business,663,12,144,46.23,54:25.3,0
1250,69,Female,South,Post-Graduate,Self-Employed,447001.61,318481.03,Home,623,12,19,,54:25.3,0
1251,51,Male,North,Graduate,Unemployed,1005725.78,425308.89,Home,638,12,134,49.5,54:25.3,1
1252,23,Other,,Primary,Salaried,791695.31,339167.06,Home,672,7,114,18.02,54:25.3,1
1253,,Female,North,Post-Graduate,Unemployed,380719.5,455879.81,Education,712,10,139,79.79,54:25.3,0
1254,28,Male,,Post-Graduate,Unemployed,767647.38,256125.41,Home,533,1,125,39.79,54:25.3,0
1255,65,Female,South,Secondary,Unemployed,848899.62,314434.35,Other,628,7,61,34.38,54:25.3,0
1256,33,Other,North,Post-Graduate,Salaried,626404.18,382664.15,Business,663,3,42,59.71,54:25.3,1
1257,50,Male,North,Secondary,Unemployed,672288.41,242780.59,Other,595,9,13,35.47,54:25.3,1
1258,26,Female,East,Graduate,Salaried,,220998.72,Home,754,9,140,68.33,54:25.3,1
1259,23,Male,East,Secondary,Unemployed,182836.83,237064.79,Education,612,,85,41.8,54:25.3,0
1260,33,Female,South,Primary,Salaried,562626.08,225078.44,Education,648,12,,60.37,54:25.3,0
1261,46,Other,North,Secondary,Unemployed,,352256.19,Business,683,4,50,17.52,54:25.3,1
1262,20,Other,North,Primary,Self-Employed,886031.13,116519.2,Other,615,12,164,69.23,54:25.3,0
1263,37,Male,,Secondary,Unemployed,666745.57,144403,Car,539,0,92,61.5,54:25.3,0
1264,53,Female,North,Post-Graduate,Unemployed,540477.81,486274.65,Other,624,6,,24.82,54:25.3,0
1265,36,,North,Graduate,,581975.05,227490.33,,712,7,69,20.17,54:25.3,1
1266,43,Male,North,Primary,Salaried,804677.12,320001.49,Car,630,2,37,32.14,54:25.3,0
1267,20,Female,East,Secondary,Unemployed,563083.07,151085.36,Education,599,2,140,78.32,54:25.3,0
1268,36,Female,South,Secondary,Self-Employed,460360.89,309412.43,Business,706,6,99,27.98,54:25.3,0
1269,37,Female,West,Secondary,Self-Employed,544859.56,228099.33,Business,630,3,125,41.93,54:25.3,0
1270,49,Other,South,Post-Graduate,Salaried,788139.23,143691.05,Education,619,2,168,12.1,54:25.3,0
1271,24,Male,West,Post-Graduate,Self-Employed,699232.98,433692.04,Home,659,7,54,37.81,,0
1272,69,Male,North,Primary,Unemployed,608853.59,418256.57,Education,696,,130,49.99,54:25.3,0
1273,58,Other,South,Primary,Salaried,638307.86,289264.52,Home,793,12,178,76.72,54:25.3,0
1274,50,Female,West,Post-Graduate,Unemployed,488051.51,399941.9,Car,700,6,41,46.17,54:25.3,1
1275,57,Other,East,Primary,Salaried,561210.12,,Education,720,1,45,67.34,54:25.3,0
1276,56,Other,East,Graduate,,467339.14,375407.59,Home,620,10,103,48.3,54:25.3,0
1277,35,Other,South,Graduate,Salaried,541044.14,,Car,588,10,106,12.85,54:25.3,1
1278,,Male,South,Post-Graduate,Salaried,869235.65,319894.97,Education,654,0,137,32.05,54:25.3,0
1279,18,Other,North,Primary,Self-Employed,384425.64,364949.74,Business,656,11,190,50.29,54:25.3,0
1280,28,Male,South,Secondary,Unemployed,462256.47,263608.06,Education,585,5,128,76.54,54:25.3,0
1281,45,Male,North,Graduate,Unemployed,,272336.41,Other,,7,86,70.14,54:25.3,0
1282,42,Male,North,Post-Graduate,Unemployed,305818.25,345089.14,Education,674,0,47,25.98,54:25.3,0
1283,67,Female,East,Primary,Salaried,562645.62,252613.51,Other,672,12,5,25.41,54:25.3,0
1284,40,Male,East,Post-Graduate,Self-Employed,476478.16,263420.03,Car,680,9,1,24.08,54:25.3,0
1285,48,Male,West,Secondary,Unemployed,952337.79,300018.67,Education,667,11,44,74.57,54:25.3,0
1286,47,Female,East,Graduate,Self-Employed,543430.69,415060.76,Car,620,8,150,69.69,54:25.3,0
1287,59,Male,East,Post-Graduate,Salaried,857879.37,186733.62,,619,2,38,64.24,54:25.3,0
1288,52,Other,South,,Unemployed,793601.29,375917.85,Home,578,2,19,37.49,54:25.3,0
1289,24,Other,East,Post-Graduate,Self-Employed,558209.17,379179.64,Car,757,3,159,45.31,54:25.3,0
1290,33,Male,West,Secondary,Salaried,1022027.12,378581.2,Car,651,10,115,,54:25.3,0
1291,43,Female,South,Post-Graduate,Self-Employed,653706.8,219325.36,Education,637,0,195,27.74,54:25.3,0
1292,65,Other,West,Secondary,Unemployed,902601.85,130731.84,Education,594,8,87,45.35,54:25.3,0
1293,69,Female,East,Secondary,Unemployed,879319.38,355970.05,Business,826,10,170,12.13,54:25.3,0
1294,66,Female,West,Secondary,,682929.6,318753.88,Home,586,2,123,19.23,54:25.3,1
1295,19,Other,South,,Salaried,750226.17,400437.66,Car,624,12,82,72.06,54:25.3,1
1296,,Female,North,Graduate,Salaried,724814.28,229946.32,Home,675,9,154,62.62,54:25.3,0
1297,65,,West,Post-Graduate,Self-Employed,371147.71,376011.84,Other,686,3,141,,54:25.3,0
1298,29,Female,West,Post-Graduate,Self-Employed,611458.07,405441.21,Car,707,0,58,46.2,54:25.3,0
1299,22,Other,South,Graduate,Self-Employed,814849.45,290469.03,Home,758,3,146,35.9,54:25.3,1
1300,54,Male,South,,Salaried,905237.26,341692.95,Business,680,12,67,61.85,54:25.3,0
1301,49,Other,West,Graduate,Unemployed,455872.07,338196.65,Business,587,0,,64.89,54:25.3,0
1302,26,Other,East,Secondary,Unemployed,705766.26,217853.05,Car,635,4,87,63.43,54:25.3,0
1303,58,Other,West,Graduate,Self-Employed,630174.04,353109.66,Other,668,,131,60.58,54:25.3,0
1304,52,Other,South,Secondary,Self-Employed,576425.19,462249.83,Business,774,10,55,24.32,54:25.3,1
1305,36,Female,North,Post-Graduate,Unemployed,671200.53,302220.39,Business,566,6,89,33.66,54:25.3,0
1306,,Male,North,Primary,Unemployed,643599.48,153907.51,Other,722,7,58,42.89,54:25.3,0
1307,,,East,Post-Graduate,Self-Employed,708281.51,231277.35,Home,661,3,63,33.16,54:25.3,0
1308,,Female,West,,Self-Employed,888343.35,122057.06,Business,700,6,91,62.85,54:25.3,0
1309,37,Male,North,Secondary,Unemployed,,429026.11,Education,644,3,52,33.05,54:25.3,0
1310,41,Male,West,Secondary,Salaried,662118.25,376410.53,Business,599,2,126,19.68,54:25.3,0
1311,50,Male,South,Primary,Self-Employed,972925.01,249863.07,Home,695,5,24,37.93,54:25.3,0
1312,41,Male,North,Graduate,Unemployed,,158194.01,Home,689,3,72,78.59,54:25.3,0
1313,69,,East,Post-Graduate,Unemployed,581520.31,216670.5,Car,708,2,,25.81,54:25.3,0
1314,28,Other,South,Post-Graduate,Unemployed,356575.92,236172.3,Education,649,8,110,52.85,54:25.3,0
1315,66,Female,East,Graduate,Unemployed,402433.86,,Home,614,4,165,40.31,54:25.3,0
1316,25,Female,South,,Salaried,786646.49,307575.93,Other,556,12,94,14.97,54:25.3,0
1317,53,Female,North,Primary,Unemployed,473937.5,434143.2,Education,699,6,117,44.15,54:25.3,0
1318,55,Male,,Post-Graduate,Self-Employed,398388.9,230724.51,Education,675,11,83,59.15,54:25.3,0
1319,57,Male,East,Secondary,Salaried,448382.93,149181.21,Other,592,5,181,45.93,54:25.3,0
1320,37,Other,South,Graduate,Unemployed,462523.14,184302.15,Business,618,9,80,71.05,54:25.3,0
1321,52,Male,East,Primary,Salaried,770129.53,297697.51,Other,622,4,152,30.23,,0
1322,65,Male,South,Graduate,Self-Employed,568651.58,227132.19,Other,561,6,149,16.04,54:25.3,0
1323,42,Male,South,Primary,Unemployed,325525.08,270799.15,Business,601,10,100,75.56,54:25.3,0
1324,52,Female,South,Secondary,Self-Employed,606208.98,254596.64,Business,582,5,40,36.47,54:25.3,0
1325,42,Female,South,Graduate,Unemployed,644453.23,399023.85,Business,625,9,103,50.35,54:25.3,1
1326,46,Other,North,Post-Graduate,Unemployed,,241303.43,Business,606,1,62,65.44,54:25.3,0
1327,35,Male,South,Primary,Unemployed,831177.02,262265.79,Business,552,12,198,32.7,54:25.3,1
1328,63,Male,West,Graduate,Unemployed,515812.22,371728.36,Other,771,12,69,60.13,54:25.3,0
1329,35,Other,East,Post-Graduate,Unemployed,821667.54,243501.81,,725,12,142,19.48,54:25.3,0
1330,19,Male,West,Graduate,Salaried,719356.56,342321.24,Car,603,2,109,30.39,,0
1331,52,Male,North,Graduate,Unemployed,,,Home,666,,,20.13,54:25.3,0
1332,33,Female,West,Graduate,Unemployed,380289.83,314176.59,Car,675,11,178,66.79,54:25.3,0
1333,,Other,East,,Salaried,619662.04,186560.36,Car,721,2,189,25.59,54:25.3,0
1334,,Other,West,Post-Graduate,Salaried,589434.4,422977.42,Other,601,0,4,60.22,54:25.3,0
1335,50,Other,North,,Salaried,315598.7,,Business,716,7,72,76.03,54:25.3,0
1336,21,,South,Primary,Salaried,821012.15,300882.81,Business,617,5,17,46.94,54:25.3,0
1337,50,,West,Primary,Salaried,436519.82,195364.51,Other,570,12,114,47.8,54:25.3,0
1338,31,Female,North,Primary,,478086.43,302910.27,Car,693,1,85,42.27,54:25.3,0
1339,38,Male,North,Secondary,Unemployed,397336.83,398986.01,Other,727,,57,32.81,54:25.3,0
1340,65,Male,East,Post-Graduate,Unemployed,740237.27,238481.23,Home,805,5,107,43.3,54:25.3,0
1341,37,Male,East,Post-Graduate,,294814.06,287110.08,Business,578,6,48,52.2,54:25.3,0
1342,25,Male,West,Post-Graduate,Unemployed,723574.96,334065.41,Education,692,10,,79.02,54:25.3,0
1343,24,Female,South,Graduate,Unemployed,808902.8,420304.79,Home,625,0,173,75.64,54:25.3,0
1344,20,Other,North,Graduate,Salaried,707435.69,377542.37,Home,697,6,117,70.35,54:25.3,0
1345,34,Female,West,Graduate,Salaried,742525.7,381686.8,Other,562,2,161,72.24,54:25.3,0
1346,50,Male,North,Secondary,Unemployed,751909.29,257373.14,Car,574,10,31,42.75,54:25.3,0
1347,65,Female,North,Graduate,Self-Employed,410115.13,340191.9,Business,603,11,112,56.02,54:25.3,1
1348,,Other,South,Secondary,Salaried,886947,227803.67,Education,655,7,47,72.65,54:25.3,0
1349,68,Other,South,,Unemployed,507984.75,384552.61,Home,612,5,134,37.51,54:25.3,0
1350,39,Female,West,Graduate,Unemployed,586722.48,415121.96,Education,690,3,108,77.32,54:25.3,0
1351,39,Female,South,Graduate,Self-Employed,533472.54,355336.36,,712,10,72,39.11,54:25.3,0
1352,63,,South,Primary,Self-Employed,698308.42,263258.94,Car,686,7,71,52.08,,0
1353,47,Male,West,Secondary,Salaried,492392.55,279627.29,Education,747,8,162,59.69,54:25.3,0
1354,55,Female,South,Post-Graduate,Self-Employed,613383.14,480651.62,Business,675,9,108,76.54,54:25.3,0
1355,55,Female,East,Primary,Unemployed,352931.24,264928.96,Car,577,1,53,27.12,54:25.3,1
1356,62,Female,North,Primary,Unemployed,832933.04,404999.42,Education,732,5,142,62.23,54:25.3,0
1357,68,Other,,Post-Graduate,Self-Employed,734148.19,333889.16,Home,,4,16,46.46,54:25.3,0
1358,25,Other,North,Primary,Self-Employed,541548.05,266586.36,Education,705,4,171,28.8,54:25.3,0
1359,44,Male,North,Secondary,Self-Employed,506170.19,165535.1,Education,744,9,116,64.36,54:25.3,0
1360,44,Male,West,,Self-Employed,,321160.04,Other,677,10,73,48.66,54:25.3,0
1361,51,Other,North,Graduate,Salaried,458541.32,309110.09,Car,560,2,74,56.27,,0
1362,38,Other,North,Primary,Self-Employed,625073.06,480653.47,Business,595,11,81,32.6,54:25.3,0
1363,47,Other,North,Graduate,Salaried,832279.76,213980.73,Business,729,7,12,43.69,54:25.3,0
1364,50,Female,North,Primary,Unemployed,437748.58,529476.86,Other,640,7,128,53.21,54:25.3,0
1365,45,Female,East,Secondary,Self-Employed,673720.17,337881.05,Business,655,11,70,38.34,54:25.3,0
1366,64,Other,North,Secondary,Salaried,663145.05,337782.92,Education,696,4,,23.89,54:25.3,0
1367,50,Female,East,Secondary,Self-Employed,580532.64,240692.79,Other,692,7,41,77.31,54:25.3,1
1368,22,Female,West,Primary,Unemployed,499242.08,331470.63,Home,667,9,181,45.8,54:25.3,0
1369,65,Male,South,Secondary,Unemployed,842959.41,347305.09,Car,637,7,157,61.37,54:25.3,0
1370,36,Other,North,,Unemployed,,393732.73,Car,631,2,198,38.77,54:25.3,0
1371,21,Other,,Graduate,Self-Employed,237592.22,202167.78,,701,1,59,34.86,54:25.3,0
1372,52,Female,South,Primary,Self-Employed,728106.72,440678.09,Education,683,,89,38.5,54:25.3,0
1373,66,Other,West,Graduate,Salaried,,336141.55,Home,635,1,192,38.64,54:25.3,1
1374,34,Male,South,Primary,Unemployed,738376.23,360822.89,Other,715,8,24,48.09,54:25.3,0
1375,61,Male,East,Graduate,Self-Employed,866980.65,277905.77,Other,642,3,144,48.04,54:25.3,1
1376,45,Male,South,Secondary,Unemployed,725949.98,207185.74,Car,599,11,180,44.8,54:25.3,0
1377,47,Other,South,Graduate,Unemployed,814282.26,307272.46,Home,604,12,80,19.44,54:25.3,0
1378,46,Other,South,Secondary,Salaried,1004009.82,318729.55,Home,591,1,134,44.73,54:25.3,0
1379,63,Other,North,Secondary,Salaried,793352.09,161457.17,Home,634,9,165,21.84,54:25.3,0
1380,23,Other,North,Graduate,Salaried,666114.68,379328.54,Business,724,0,132,18.83,54:25.3,0
1381,52,Other,East,Primary,Salaried,926789.64,399652.46,Business,602,3,92,75.29,54:25.3,0
1382,58,Male,East,Primary,Unemployed,950955.11,227033.54,Car,661,8,166,,54:25.3,0
1383,54,Female,North,Post-Graduate,Salaried,953754.36,197741.46,Home,611,11,169,56.16,54:25.3,1
1384,41,Male,East,Primary,Salaried,501571.3,269703.86,Home,634,8,92,38.13,54:25.3,0
1385,46,Other,North,Post-Graduate,Salaried,329196.33,302389.51,Other,559,3,81,73.63,54:25.3,0
1386,66,,West,Primary,Salaried,489361.56,273582.9,Other,637,8,142,54.66,54:25.3,0
1387,63,Other,South,Primary,Unemployed,740728.32,,Car,638,11,,63.84,54:25.3,0
1388,48,Other,South,Secondary,Salaried,631831.79,322147.77,Home,682,5,179,35.8,54:25.3,0
1389,52,Male,East,Post-Graduate,Unemployed,558703.8,163173.11,,663,0,65,,54:25.3,1
1390,50,Other,North,Primary,Self-Employed,712096.28,174670.44,Other,578,9,52,67.43,54:25.3,0
1391,69,Female,North,Post-Graduate,Unemployed,305838.98,27772.23,Other,715,12,30,69.78,54:25.3,0
1392,38,Other,East,Secondary,Unemployed,628233.86,394254.52,Business,663,5,185,22.05,54:25.3,0
1393,49,Female,North,Secondary,Salaried,823691.53,301522.7,Car,662,8,99,28.97,54:25.3,0
1394,40,Female,West,Post-Graduate,Self-Employed,709863.13,404785.11,Car,649,12,158,29.99,54:25.3,0
1395,50,Other,South,Secondary,Self-Employed,738361.96,186226.2,Home,619,1,98,28.96,54:25.3,0
1396,20,Male,East,Graduate,Self-Employed,919474.56,302440.73,Home,663,5,42,69.88,54:25.3,0
1397,35,Female,East,Graduate,Self-Employed,586771.34,321482.65,Business,679,1,139,12.23,54:25.3,0
1398,42,Male,North,Secondary,Unemployed,469381.67,243821.75,Education,545,3,27,,,0
1399,59,Female,,Graduate,Self-Employed,837903.01,144657.22,Education,618,7,152,29.17,54:25.3,0
1400,48,Other,West,Primary,Unemployed,834224.13,474587.13,Education,635,12,167,23.99,54:25.3,0
1401,20,Other,North,Post-Graduate,Unemployed,711658.33,439928.33,Car,665,6,72,26.23,54:25.3,0
1402,57,Female,North,Primary,Unemployed,567925.8,261806.77,Car,,10,18,65.86,54:25.3,0
1403,63,Other,North,,Self-Employed,600275.93,351022.76,Other,604,11,77,49.42,54:25.3,0
1404,41,Female,North,,Salaried,344645.41,251520.93,Car,620,12,45,10.4,54:25.3,0
1405,67,,West,Primary,Salaried,822589.31,200459.64,Car,619,8,115,40.05,54:25.3,0
1406,49,Male,,Secondary,Self-Employed,815530.26,482726.15,Car,602,6,87,38.55,54:25.3,0
1407,64,Other,East,Secondary,Salaried,337663.45,134463.11,Business,629,0,140,17.98,54:25.3,0
1408,39,Male,West,Post-Graduate,Salaried,,271449.63,Car,696,1,177,57.33,54:25.3,0
1409,40,Other,South,Post-Graduate,,680820.33,308432.38,Home,587,5,159,,54:25.3,0
1410,19,Male,South,Post-Graduate,Unemployed,395605.18,465123.66,Home,676,6,92,60.46,54:25.3,0
1411,44,Other,East,Primary,Self-Employed,358799.96,389658.87,Other,548,2,22,60.99,54:25.3,0
1412,59,Male,East,Graduate,Self-Employed,,132775.02,Business,616,8,172,10,,1
1413,19,Female,West,Post-Graduate,Salaried,520459.18,299724.98,Home,630,12,,76.77,54:25.3,0
1414,43,Female,South,Post-Graduate,Unemployed,963989.77,302106.02,Business,750,6,192,66.99,54:25.3,0
1415,34,Male,South,Primary,Self-Employed,790519.68,277166.17,Business,634,5,77,73.28,54:25.3,0
1416,57,Other,South,Post-Graduate,Self-Employed,694738.63,,Other,518,12,25,11.1,54:25.3,0
1417,50,Male,South,Primary,Self-Employed,704615.8,159089.31,Business,530,5,108,75.37,54:25.3,0
1418,26,Other,South,Secondary,Self-Employed,866173.44,259136.41,Car,652,0,179,66.69,54:25.3,1
1419,60,Female,,Post-Graduate,Self-Employed,769303.62,347881.87,Business,,12,135,68.61,54:25.3,0
1420,65,Other,East,Post-Graduate,,699953.29,,Other,673,,109,16.53,54:25.3,1
1421,56,Female,North,Secondary,Salaried,403947.76,314941.95,Other,660,9,134,61.71,54:25.3,0
1422,46,Other,South,Secondary,Unemployed,1212389.39,271160.78,Other,720,2,24,77.19,,0
1423,59,Other,West,Secondary,Unemployed,379363.45,288005.87,Home,618,6,19,57.5,54:25.3,0
1424,43,Other,West,Post-Graduate,,537491.45,374040.71,Car,704,9,83,49.94,54:25.3,0
1425,52,Male,South,Graduate,Unemployed,269054.34,303390.08,Home,552,2,115,76.19,54:25.3,0
1426,67,Male,South,Graduate,Unemployed,707759.63,195815.25,Education,,4,9,41.01,54:25.3,0
1427,42,Female,West,Graduate,Unemployed,630222.09,176650.24,Car,542,6,112,51.95,54:25.3,0
1428,,Female,North,Post-Graduate,Self-Employed,753055.29,151036.26,Business,634,2,164,43.34,54:25.3,0
1429,30,,North,Secondary,Self-Employed,252186.87,445558.08,Other,647,12,102,75.3,54:25.3,0
1430,24,Female,South,Post-Graduate,Unemployed,822581.13,380746.18,Education,657,12,168,15.33,54:25.3,0
1431,53,Male,North,Secondary,Unemployed,438512.92,289351.21,Car,654,9,152,45.08,54:25.3,0
1432,62,Other,West,Post-Graduate,Self-Employed,570198.96,254620.75,Home,594,1,48,58.09,54:25.3,0
1433,37,Female,North,Post-Graduate,Salaried,786314.25,242607,Other,639,5,191,65.43,54:25.3,0
1434,18,Female,South,Secondary,Unemployed,652253.34,409323.71,Home,560,7,69,50.81,54:25.3,0
1435,25,Male,West,Graduate,Salaried,666388.51,490443.35,Car,732,3,181,73.62,54:25.3,1
1436,,Female,North,Secondary,Unemployed,759835.76,239460.71,Car,632,8,182,75.94,54:25.3,0
1437,33,Female,East,Primary,Salaried,685758.13,413841.55,Education,621,11,170,14.5,54:25.3,0
1438,31,Other,West,Primary,Salaried,531778.42,302801.29,Business,745,11,119,38.17,54:25.3,0
1439,29,Female,West,,Salaried,566706.17,278757.11,Home,575,7,,11.64,54:25.3,1
1440,68,Other,East,Post-Graduate,Self-Employed,642375.74,450421.43,Education,582,6,125,33.06,54:25.3,0
1441,40,Male,East,Primary,Salaried,420888.78,298983.43,Other,584,6,14,47.58,54:25.3,0
1442,32,Female,West,Primary,Salaried,799201.73,329636.44,Business,646,2,157,73.76,54:25.3,0
1443,45,Other,East,Post-Graduate,Salaried,657730.79,324827.39,Education,676,5,134,69.26,54:25.3,0
1444,51,Male,South,Post-Graduate,Unemployed,614955.25,137440.06,Home,694,12,135,18.92,54:25.3,0
1445,19,Female,South,Graduate,Salaried,838499.31,,Car,804,12,37,16.51,54:25.3,0
1446,,Male,South,Post-Graduate,Unemployed,575977.27,243730.8,Other,515,4,53,51.25,54:25.3,0
1447,40,Female,West,Secondary,Salaried,563515.8,157884.69,Home,687,0,18,47.25,54:25.3,1
1448,39,Male,East,Secondary,Salaried,503074.25,248286.29,Business,617,10,38,28.65,54:25.3,0
1449,68,Male,East,Graduate,Self-Employed,668613.4,247461.11,Business,615,2,187,72.96,54:25.3,0
1450,42,Other,North,Primary,Unemployed,661690.02,402988.25,Car,613,12,,,54:25.3,0
1451,39,Male,North,Primary,Salaried,466743.16,193621.04,Car,595,11,196,,54:25.3,0
1452,39,Female,East,Post-Graduate,Unemployed,564461.2,221015.26,Other,751,0,,72.32,54:25.3,0
1453,66,Female,East,Secondary,Unemployed,468079.55,323538.83,Other,701,3,47,36.88,54:25.3,0
1454,69,Other,East,Primary,Self-Employed,459026.31,167420.62,Car,651,9,35,61.58,54:25.3,0
1455,59,Female,West,Graduate,Self-Employed,254020.43,234099.32,Car,731,2,60,43.32,54:25.3,0
1456,23,Female,East,Graduate,Self-Employed,553817.95,133552.33,Business,559,10,90,18.58,54:25.3,0
1457,32,Female,North,Secondary,Self-Employed,259557.35,392001.15,Car,570,3,52,74.96,54:25.3,1
1458,60,Male,West,Graduate,,507436.86,269863.69,Education,519,8,8,41.79,54:25.3,0
1459,54,Male,East,,Self-Employed,477461.07,298408.22,,608,2,107,61.41,54:25.3,0
1460,50,Female,North,Secondary,Self-Employed,810379.01,391601.03,Car,660,11,169,35.7,54:25.3,0
1461,25,Other,West,Post-Graduate,Self-Employed,397013.04,227773.11,Other,656,5,131,11.32,54:25.3,0
1462,61,Male,East,Post-Graduate,Salaried,447762.72,268801.3,Education,659,5,197,17.04,54:25.3,0
1463,61,Other,East,Graduate,Unemployed,523695.17,194367.2,Other,565,6,142,44.74,54:25.3,0
1464,22,Female,East,Post-Graduate,Self-Employed,483971.27,194149.63,Education,698,8,96,58.3,54:25.3,0
1465,56,Female,,Post-Graduate,Self-Employed,873850.96,207941.71,Car,664,11,26,33.43,54:25.3,0
1466,21,Male,North,,Unemployed,372286.53,250750.96,Home,694,6,111,58.68,54:25.3,0
1467,23,Female,,Post-Graduate,Salaried,524119.1,261520.45,Other,536,,198,58.9,54:25.3,0
1468,,Male,South,Graduate,Unemployed,666413.05,328863.22,Education,669,7,123,,54:25.3,0
1469,49,Female,East,Primary,Unemployed,776236.67,210878.31,Business,579,4,186,44.48,54:25.3,0
1470,69,Female,South,Secondary,Self-Employed,523951.69,,Car,626,,168,74.04,54:25.3,1
1471,47,Male,South,Secondary,Unemployed,216380.08,348500.13,Home,682,9,51,44.24,54:25.3,0
1472,64,,North,Post-Graduate,Unemployed,569979.16,253217.78,Car,655,12,123,41.52,54:25.3,0
1473,52,Male,West,Post-Graduate,Self-Employed,870405.7,219527.54,Business,599,11,5,23.96,54:25.3,1
1474,57,Female,West,Post-Graduate,Self-Employed,656437.48,308507.9,Home,650,4,77,31.54,54:25.3,0
1475,69,Female,North,Secondary,Self-Employed,647283.57,279708.25,Business,558,4,160,12.96,54:25.3,0
1476,33,Other,West,Primary,Self-Employed,387396.4,322035.18,Car,719,11,1,54.35,,0
1477,30,Male,South,Primary,Unemployed,366865.68,456986.64,Education,638,11,182,27.4,,0
1478,67,Female,,Secondary,Unemployed,603608.33,306863.7,Car,717,1,11,31.29,54:25.3,0
1479,59,Female,North,Primary,Salaried,314724.22,236076.94,Car,618,11,181,63.96,54:25.3,1
1480,,Male,East,Secondary,Salaried,756272.44,210911.04,Car,619,10,8,32.91,54:25.3,0
1481,36,Other,West,Primary,Unemployed,,214779.84,Other,604,2,153,26.95,54:25.3,0
1482,34,Male,East,Graduate,Salaried,595068.54,153723.37,Business,703,9,168,21.83,54:25.3,0
1483,36,Other,West,Graduate,Unemployed,222846.62,393274.36,,607,8,32,,,1
1484,45,Female,,Secondary,Salaried,521239.63,76672.12,Business,689,6,28,19.08,54:25.3,0
1485,43,Other,South,Primary,Self-Employed,362827.89,348810.48,Other,627,0,131,41.76,54:25.3,0
1486,54,Female,West,Post-Graduate,Salaried,135608.72,213193.61,Education,531,2,,45.49,54:25.3,0
1487,43,Male,South,Primary,Self-Employed,708368.42,248759.48,,616,11,62,58.12,54:25.3,0
1488,40,Male,South,Graduate,,928231.91,210201.24,Education,579,1,27,54.33,54:25.3,1
1489,26,Male,South,Graduate,Self-Employed,825894.72,444586.47,Other,652,0,45,66.75,54:25.3,0
1490,29,Other,North,Primary,Self-Employed,736338.14,301631.56,Business,579,8,105,13.13,,0
1491,18,Female,North,Primary,Salaried,517175.77,379037.85,Car,706,7,92,30.75,54:25.3,0
1492,18,Male,West,Post-Graduate,Unemployed,761178.05,430052.69,Home,645,4,25,29.61,54:25.3,0
1493,64,Male,South,Post-Graduate,Self-Employed,844770.64,316340.55,Home,639,,189,20.22,54:25.3,0
1494,51,Female,North,Primary,Salaried,627364.37,180437.62,Education,689,11,44,30.24,54:25.3,0
1495,,Male,South,Primary,Self-Employed,363127.97,277935.72,Business,708,1,174,31.68,54:25.3,0
1496,65,Female,East,Primary,Salaried,500123.14,,Home,649,0,142,46.53,54:25.3,0
1497,42,Female,East,Primary,Salaried,940539.3,249649.58,Education,604,6,136,56.46,54:25.3,1
1498,57,Female,,Secondary,Salaried,585051.17,290537.62,Other,,12,176,36.68,54:25.3,0
1499,62,Female,West,Primary,Unemployed,-64951.14,,Education,609,10,,60.36,54:25.3,1
1500,18,Female,,Post-Graduate,Salaried,306215.31,341210.92,Education,613,10,193,33.53,54:25.3,0
1501,33,Other,East,Graduate,Salaried,515110.26,355730.43,Education,656,1,80,30.32,54:25.3,0
1502,56,Male,North,Secondary,Unemployed,807165.05,286585.48,Car,629,0,82,47.88,54:25.3,0
1503,22,Other,East,Primary,Unemployed,545375.53,340346.89,Education,691,1,,11.66,54:25.3,0
1504,39,Male,East,Graduate,Salaried,810886.33,245064.01,Education,613,6,88,15.59,54:25.3,0
1505,46,Other,East,Secondary,Unemployed,494767.53,431477.98,Car,647,6,177,39.26,54:25.3,0
1506,20,Female,West,Graduate,,,243448.87,,721,9,127,76,54:25.3,0
1507,29,,North,Primary,Self-Employed,501687.77,419718.65,Other,671,5,55,60.51,54:25.3,1
1508,43,Male,South,Primary,Unemployed,668989,152393.29,Business,646,4,141,16.17,54:25.3,0
1509,33,Other,North,Post-Graduate,Unemployed,652390.07,261959.27,Home,614,2,184,69.24,54:25.3,0
1510,68,Other,South,Primary,Salaried,348978.45,266902.18,Home,612,11,56,61.26,54:25.3,0
1511,54,Male,,Primary,Unemployed,,327899.18,Education,599,,15,52.77,54:25.3,0
1512,,,West,Secondary,Salaried,1136934.85,,Other,618,10,185,,54:25.3,0
1513,46,Other,West,Post-Graduate,Self-Employed,353346.23,175060.48,Education,695,12,58,38.29,54:25.3,0
1514,31,Other,West,Secondary,Unemployed,732144.68,189201.7,,637,11,163,25.51,54:25.3,0
1515,45,Female,South,Graduate,Salaried,180664.86,,Car,569,8,88,45.84,54:25.3,0
1516,22,Female,East,Primary,Salaried,772758.36,432018.42,Business,,3,97,48.42,54:25.3,0
1517,64,Other,South,Graduate,Self-Employed,421534.92,329760.49,Other,669,8,144,47.68,54:25.3,0
1518,66,,North,,Unemployed,680417.65,191562.88,Car,566,3,8,49.56,54:25.3,0
1519,47,Female,West,Primary,Self-Employed,341694.88,255690.51,,623,1,173,76.41,54:25.3,0
1520,63,Female,West,Primary,Salaried,658170.56,,Other,657,3,40,73.16,54:25.3,1
1521,69,Male,North,Secondary,,418269.94,272188.08,Other,752,5,182,71.3,54:25.3,1
1522,22,Male,South,Secondary,,456990.36,266281.19,Home,584,,,66.1,54:25.3,0
1523,29,Female,East,Secondary,Salaried,688397.2,221870.33,Car,709,4,187,76.04,,0
1524,33,Other,East,Secondary,Unemployed,513922.9,197500.77,,734,0,53,16.89,54:25.3,0
1525,43,Other,,Secondary,Self-Employed,676076.29,418332.38,Other,612,2,127,28.56,54:25.3,1
1526,43,Other,East,Primary,,561831.74,467390.16,Business,633,4,155,44.65,54:25.3,0
1527,,,South,Secondary,Unemployed,613498.74,,Home,588,5,175,69.26,54:25.3,0
1528,38,,South,Primary,Salaried,689017.29,440494.23,Education,638,0,,45.36,54:25.3,1
1529,56,Female,,Primary,Salaried,529996.31,251261.06,Home,648,8,115,62.36,54:25.3,0
1530,53,Other,,Secondary,Unemployed,400790.04,353364.8,Education,690,,,19.73,,0
1531,50,Male,West,Secondary,,493537.55,441021.38,,715,9,55,27.67,54:25.3,1
1532,47,Other,,Post-Graduate,Salaried,839027.84,285492.34,Car,605,12,44,61.22,,0
1533,54,Female,South,Primary,Salaried,623234.62,267205.81,Other,532,2,18,21.53,54:25.3,1
1534,40,Male,,Secondary,Unemployed,431020.31,380108.1,Car,649,10,16,34.59,54:25.3,0
1535,27,Female,East,Secondary,Salaried,680312.12,,Other,668,1,12,28.54,54:25.3,1
1536,22,Female,South,Secondary,Unemployed,693663.12,414706.14,Home,665,7,148,34.49,54:25.3,0
1537,53,Male,West,,Salaried,703999.82,314280.94,Car,630,12,45,59.58,54:25.3,1
1538,51,Male,South,Post-Graduate,Self-Employed,404432.56,242224.95,Home,657,2,192,35.75,54:25.3,0
1539,69,Male,North,Graduate,Salaried,463521.8,239583.24,Home,741,5,187,48.87,54:25.3,0
1540,48,Male,North,Primary,Salaried,464634.16,161653.75,Car,673,1,93,,54:25.3,0
1541,27,Male,South,,Unemployed,527870.42,246382.78,Home,628,6,22,66.35,54:25.3,0
1542,36,Male,West,Secondary,Unemployed,707783.84,273596.22,Car,620,12,97,35.89,54:25.3,0
1543,,Male,West,Post-Graduate,Salaried,,193870.65,Car,640,3,47,55.4,54:25.3,0
1544,18,Other,West,Post-Graduate,Self-Employed,675043.39,295453.5,Car,748,8,29,60.78,54:25.3,0
1545,22,Female,North,Graduate,Salaried,870803.83,347291.71,,639,9,45,24.68,54:25.3,0
1546,62,Male,South,Post-Graduate,Salaried,737778.19,278652.79,Home,649,8,77,71.93,54:25.3,0
1547,21,Other,East,Secondary,Self-Employed,,366272.58,Business,621,6,9,53.14,54:25.3,1
1548,,Other,North,Post-Graduate,Unemployed,363222.96,219286,Car,716,11,24,40.01,54:25.3,0
1549,41,Other,West,Graduate,Salaried,457090.6,400338.28,Home,768,7,15,22.76,54:25.3,0
1550,33,Female,South,Secondary,Unemployed,547658.99,312181.47,Other,,2,164,75.96,54:25.3,0
1551,19,Male,West,Graduate,Unemployed,765825.97,454525.72,Car,655,10,13,62.85,54:25.3,0
1552,66,Other,East,Post-Graduate,Self-Employed,594533.61,541421.73,Car,652,4,91,24.56,54:25.3,0
1553,45,Female,West,Graduate,Self-Employed,468760.81,252975.64,,507,1,172,33.64,54:25.3,0
1554,49,Female,West,Graduate,Unemployed,453421.42,257093.61,Education,695,9,101,,54:25.3,1
1555,44,Female,East,Primary,Salaried,586084.36,275375.79,Education,658,6,71,58.7,54:25.3,0
1556,37,Other,South,Post-Graduate,Unemployed,777997.51,359570.23,Car,676,12,122,63.6,54:25.3,0
1557,41,Male,North,Post-Graduate,Salaried,,432597,Home,607,7,76,40.88,54:25.3,0
1558,29,Other,South,Graduate,Salaried,558846.28,234719.15,Other,627,8,164,60.15,54:25.3,0
1559,,Other,East,Primary,Self-Employed,591051.36,338124.43,Other,625,10,116,37.05,54:25.3,0
1560,52,Male,West,Post-Graduate,Salaried,357211.66,286407.27,Home,711,10,61,24.79,54:25.3,0
1561,50,Male,South,Secondary,Salaried,987838.51,361810.91,Car,627,6,168,54.29,54:25.3,0
1562,50,Male,North,Graduate,Unemployed,319799.43,450945.77,Other,775,9,,78.32,54:25.3,0
1563,68,Female,East,Post-Graduate,Self-Employed,834332.46,275967.18,,676,9,155,31.74,54:25.3,0
1564,60,Male,South,Secondary,Salaried,526932.81,133013.23,Home,573,,1,42.27,54:25.3,1
1565,54,Other,North,Post-Graduate,Salaried,480126.7,374390.17,Business,642,7,162,57.18,54:25.3,0
1566,29,Male,East,Secondary,Self-Employed,377999.29,216729.48,Car,611,11,68,47.91,54:25.3,0
1567,20,Other,North,Graduate,Unemployed,1082009.73,285688.43,Home,518,8,88,69.04,54:25.3,0
1568,18,Female,,Post-Graduate,Self-Employed,644298.32,378703.08,Other,746,5,21,63.32,54:25.3,0
1569,50,Other,West,Post-Graduate,Self-Employed,604256.09,329739.49,Car,692,11,161,14.08,54:25.3,1
1570,57,Other,South,Primary,Salaried,777346.47,289828,Education,682,11,135,79.89,54:25.3,0
1571,27,Male,North,Graduate,Salaried,469833.45,242411.83,Car,660,9,193,62.67,54:25.3,0
1572,60,Male,East,Secondary,Unemployed,600369.19,10010.62,Car,567,1,3,70.47,54:25.3,1
1573,,Other,,Post-Graduate,Salaried,611267.26,369832.08,Education,621,1,51,55.58,54:25.3,0
1574,,Male,North,Post-Graduate,Salaried,497570.85,274704.83,Education,701,3,79,69.94,54:25.3,0
1575,,Female,South,Secondary,Self-Employed,839927.62,451333.63,Car,587,8,95,17.87,,0
1576,29,Female,West,Graduate,Salaried,556269.12,339802.8,Education,498,6,182,,54:25.3,0
1577,48,Male,North,Primary,Unemployed,289373.59,245887.46,Home,636,1,,71.35,54:25.3,0
1578,63,Female,East,Primary,Self-Employed,539700.53,406687.01,Education,641,7,187,24.12,54:25.3,0
1579,19,Male,East,Post-Graduate,Unemployed,649835.73,415112.94,,658,10,6,15.48,,0
1580,68,Other,West,Secondary,Self-Employed,421301.35,278096.82,Car,694,6,157,65.17,54:25.3,0
1581,67,,East,Post-Graduate,Salaried,437081.04,419364.49,Home,688,8,17,68.48,54:25.3,0
1582,52,Female,West,Secondary,Self-Employed,490748.19,244469.19,Business,666,7,117,21.39,54:25.3,0
1583,40,Male,East,Primary,Self-Employed,844247.13,315964.78,Business,722,2,60,,54:25.3,0
1584,34,Male,South,Graduate,Salaried,502568.4,357140.84,Other,559,0,150,58.07,54:25.3,0
1585,43,Female,North,Secondary,Salaried,885823.4,378478.16,Education,680,1,152,46.41,54:25.3,1
1586,25,Other,South,Primary,Unemployed,477009.91,362152.18,Education,688,12,125,68.12,54:25.3,1
1587,46,Female,North,Post-Graduate,,665002.83,266734.28,Home,576,1,81,39.35,54:25.3,1
1588,43,Other,North,Secondary,Salaried,510751.47,409369.76,Business,560,3,85,23.58,54:25.3,1
1589,27,Male,North,Graduate,Salaried,750816.63,287557.27,Other,605,5,51,29.94,54:25.3,0
1590,43,Other,South,Post-Graduate,Salaried,376345.17,243097.26,Home,610,3,178,45.36,54:25.3,0
1591,51,Female,North,Post-Graduate,Self-Employed,748571.9,244566.2,Education,695,,139,47.19,54:25.3,0
1592,68,Male,,Primary,,622773.88,493998.84,Business,613,3,184,66.39,54:25.3,0
1593,58,Female,West,Secondary,Self-Employed,472001.64,225801.66,Other,599,5,71,65.39,54:25.3,0
1594,24,Female,East,Post-Graduate,Salaried,566755.7,429163.52,Car,613,5,170,50.7,54:25.3,0
1595,21,Other,East,Graduate,Unemployed,906770.99,186453.33,Business,717,9,39,64.65,54:25.3,0
1596,67,Female,North,Secondary,Salaried,627568.9,348790.54,Other,651,10,69,23.42,54:25.3,1
1597,62,Other,South,Graduate,Self-Employed,459454.4,329708.35,Home,639,9,48,13.5,54:25.3,0
1598,28,Male,East,Post-Graduate,Self-Employed,359061.34,462122.69,Car,643,0,125,71.15,54:25.3,0
1599,46,Other,South,Graduate,Salaried,701080.85,234559.81,,728,7,57,15.29,54:25.3,1
1600,53,Male,South,Primary,Salaried,639169.05,206933.58,Other,605,11,21,27.27,54:25.3,0
1601,42,Other,North,Graduate,Self-Employed,739004.14,288348.96,Education,729,2,82,58.67,54:25.3,0
1602,38,Female,East,Secondary,Self-Employed,307555.05,466480.18,Business,663,12,99,38.66,54:25.3,0
1603,53,Other,North,Graduate,Self-Employed,365547.91,211584.15,Education,640,5,148,71.34,54:25.3,0
1604,27,Other,North,Graduate,Salaried,829375.84,41158.34,Car,800,2,,30.86,54:25.3,0
1605,54,,East,Primary,Self-Employed,666268.33,305976.78,Other,587,10,69,10.83,54:25.3,0
1606,26,Female,East,Graduate,Self-Employed,706680.17,394952.29,Education,629,1,179,31.05,54:25.3,0
1607,41,Other,West,Graduate,Unemployed,407462.59,198619.41,Business,576,4,76,50.47,54:25.3,0
1608,52,,West,,Salaried,403802.56,384793.22,Car,707,0,62,36.32,54:25.3,1
1609,66,Other,South,Post-Graduate,Unemployed,798251.73,196408.9,Home,751,8,119,47.44,54:25.3,1
1610,52,Other,East,Secondary,Unemployed,807675.53,,Education,750,10,37,71.36,54:25.3,0
1611,65,Female,West,Post-Graduate,Self-Employed,382336.1,375268.23,Car,723,6,134,73.87,54:25.3,0
1612,53,Other,South,Post-Graduate,Salaried,344125.9,181253.46,Home,638,2,199,28.62,54:25.3,1
1613,35,Female,South,Post-Graduate,Self-Employed,578281.41,318151.33,Education,628,3,26,42.35,54:25.3,1
1614,66,Other,South,Post-Graduate,Salaried,440130.31,421497.35,Car,550,12,8,48.44,54:25.3,1
1615,56,,West,Primary,Unemployed,435964.62,347393.41,Car,772,5,4,76.44,54:25.3,1
1616,49,Female,East,Post-Graduate,Salaried,349724.35,227937.39,Education,678,2,21,79.9,54:25.3,0
1617,,Other,North,Primary,Self-Employed,506313.23,451871.84,Car,620,11,159,26.48,54:25.3,0
1618,,Other,South,Primary,Self-Employed,369061.05,365839.25,Other,730,6,149,60.89,54:25.3,0
1619,49,Male,West,Post-Graduate,Self-Employed,380919.82,113955.2,,592,12,,36.46,54:25.3,0
1620,54,Female,West,Graduate,Salaried,659678.37,386424.36,Car,,5,143,10.57,54:25.3,0
1621,29,Other,North,,Unemployed,588960.35,242862.57,Home,,8,163,10.65,54:25.3,0
1622,66,,North,Graduate,Unemployed,696975.74,319656.35,Home,688,11,177,42.24,54:25.3,0
1623,30,Other,West,Graduate,Salaried,270193.31,400800.4,Other,646,4,43,44.18,54:25.3,0
1624,40,Female,East,Post-Graduate,Self-Employed,601976.12,245039.54,Education,563,3,169,11.58,54:25.3,0
1625,42,Other,,Secondary,Unemployed,1015127.51,135440.74,Car,655,2,37,58.08,54:25.3,0
1626,52,Other,West,Post-Graduate,Self-Employed,525545.5,450554.52,Car,713,9,185,30.58,54:25.3,0
1627,,Other,North,Secondary,Salaried,764949.8,,Home,648,0,42,49.19,54:25.3,0
1628,47,Other,East,Secondary,Self-Employed,763201.37,291274.4,Other,697,,175,31.06,54:25.3,0
1629,34,Male,South,Post-Graduate,Unemployed,773039.72,385342.15,Home,587,2,92,21.7,54:25.3,1
1630,66,Male,North,Post-Graduate,Unemployed,633332.34,263061.33,Home,648,6,61,38.5,54:25.3,0
1631,37,Female,East,Secondary,Self-Employed,713217.2,309697.02,Other,613,6,142,26.26,54:25.3,0
1632,65,Male,West,Post-Graduate,Salaried,739802.72,285571.21,Education,695,12,68,47.44,54:25.3,0
1633,42,Male,North,Secondary,Self-Employed,727089.21,267105.59,Car,652,11,53,23.92,54:25.3,0
1634,39,Female,North,Graduate,,376516.37,335930.26,Education,691,0,84,45.59,54:25.3,0
1635,30,Male,West,Post-Graduate,Self-Employed,258523.1,179182.12,Business,715,2,34,21.02,54:25.3,0
1636,36,Male,South,Graduate,Unemployed,289283.29,274841.92,Business,691,12,76,56.97,54:25.3,0
1637,66,Female,West,Primary,Salaried,545968,331447.95,Business,666,7,97,62.78,54:25.3,0
1638,53,Female,North,Graduate,Salaried,718785.35,483810.07,Other,590,8,152,17.73,54:25.3,0
1639,29,,West,Graduate,Salaried,379117.74,183246.58,Home,650,6,148,42.75,,1
1640,58,Other,East,Secondary,Unemployed,784794.09,352055.31,Education,618,6,197,14.96,54:25.3,0
1641,36,,,Graduate,Self-Employed,499544.97,363014.88,Car,629,11,30,51.87,54:25.3,0
1642,29,Female,North,Post-Graduate,Unemployed,501448.96,112328.13,Business,628,10,88,28.51,,0
1643,26,Female,West,Secondary,Salaried,432778.6,,Education,591,7,7,46.93,54:25.3,0
1644,24,Female,South,Primary,Self-Employed,223042.73,388028.51,,533,5,36,,54:25.3,0
1645,45,Other,West,Post-Graduate,Unemployed,645862.83,358865.27,Business,610,,38,74.7,54:25.3,0
1646,31,Other,South,,Salaried,942533.54,291607.27,Car,662,2,52,,54:25.3,0
1647,48,Male,East,Graduate,Salaried,587467.1,333324,Other,569,0,,50.81,54:25.3,0
1648,69,Male,South,Post-Graduate,Unemployed,229873.67,316984.47,Home,651,6,174,38.12,54:25.3,0
1649,36,,West,Post-Graduate,Unemployed,756068.56,131054.27,Other,764,0,151,,54:25.3,0
1650,64,Other,North,Primary,Unemployed,275040.4,319332.03,Education,711,0,140,64.4,54:25.3,0
1651,33,Other,South,Post-Graduate,Salaried,358193.12,263292.96,Other,749,8,172,29.98,54:25.3,0
1652,22,Other,East,Post-Graduate,Unemployed,552332.37,229517.78,Education,673,12,143,69.09,54:25.3,0
1653,52,Female,South,Post-Graduate,Salaried,624568.69,548497,Education,720,9,93,40.27,54:25.3,0
1654,29,Male,,Graduate,Unemployed,398267.2,425261.57,Home,607,6,107,68.01,54:25.3,0
1655,42,Female,South,,Salaried,544536.79,184982.79,Car,611,12,126,67.6,54:25.3,0
1656,69,Male,East,Post-Graduate,Salaried,743032.48,334663.62,Home,486,10,49,23.22,54:25.3,0
1657,38,Male,West,Secondary,Self-Employed,770435.78,445802.53,Other,721,12,21,59.08,54:25.3,0
1658,53,Female,South,Secondary,Unemployed,850291.28,150380.08,Education,742,3,15,30.35,54:25.3,0
1659,40,Male,South,Secondary,Unemployed,981883.73,307698.31,Business,617,5,14,30.82,54:25.3,1
1660,33,,North,Secondary,Salaried,,312407.27,Business,635,0,42,30.74,54:25.3,0
1661,56,Other,East,Graduate,Salaried,556652.7,172550.71,,605,6,15,60.79,54:25.3,0
1662,62,Male,South,Post-Graduate,Salaried,771862.76,337955.03,Home,673,11,63,26.09,54:25.3,0
1663,59,Female,East,Primary,Self-Employed,693343.25,411624.64,Car,717,5,196,10.06,54:25.3,0
1664,56,Female,South,Post-Graduate,Self-Employed,701273.4,450804.76,Home,545,3,27,60.07,54:25.3,0
1665,31,Male,West,Graduate,Salaried,635443.76,275063.59,Education,675,6,93,21.98,54:25.3,0
1666,48,Other,West,Secondary,Unemployed,417589.18,550164.5,Education,633,2,105,17.31,54:25.3,0
1667,22,Other,South,,Unemployed,394380.72,94203.32,Car,657,0,53,26.63,54:25.3,1
1668,52,Male,West,Post-Graduate,Self-Employed,580576.36,335621.67,Other,678,3,52,36.59,54:25.3,1
1669,40,Male,South,Primary,Self-Employed,629782.02,158770.57,Other,639,2,63,43.31,,0
1670,46,Female,West,Graduate,,464111.82,309018.26,,,0,181,13.12,54:25.3,0
1671,60,Male,North,Primary,Unemployed,684668.39,247809.32,Other,,1,57,77.94,54:25.3,0
1672,28,Other,North,Graduate,Salaried,1016153.18,350687.75,Business,708,10,120,60.12,54:25.3,0
1673,35,Male,North,Primary,Self-Employed,251133.86,287311.93,Other,675,4,52,32.62,54:25.3,0
1674,64,Female,East,Primary,Unemployed,716448.9,217401.58,Other,,7,,32.31,54:25.3,1
1675,29,Female,East,Secondary,Unemployed,586805.08,223970.91,Other,574,,43,41.4,54:25.3,0
1676,26,Female,North,Primary,Self-Employed,690131.11,493245.95,Business,627,3,135,,54:25.3,1
1677,27,Female,East,Secondary,Salaried,,344352.37,Other,704,3,,20.25,54:25.3,0
1678,61,Female,West,Post-Graduate,Salaried,570788.02,,Business,652,4,170,23.23,54:25.3,1
1679,34,Male,South,Post-Graduate,,625900.09,355078.77,Car,690,6,4,70.16,54:25.3,0
1680,55,,South,Secondary,Self-Employed,539673.22,280532.33,Home,756,12,197,27.94,54:25.3,0
1681,24,Male,South,Secondary,Unemployed,295891.74,300460.11,Car,712,11,133,36.61,54:25.3,0
1682,63,Male,North,Graduate,Self-Employed,553216.99,381988.82,Home,656,7,80,70.99,54:25.3,0
1683,30,Female,East,Graduate,Salaried,316713.27,418322.72,Car,619,5,41,56.42,54:25.3,0
1684,57,Other,West,Graduate,,730638.62,,Home,497,0,132,33.92,54:25.3,0
1685,59,Male,,Post-Graduate,Salaried,226890.98,297025.83,Home,640,6,2,57.86,54:25.3,0
1686,26,Other,North,Graduate,Self-Employed,805730.88,245388.9,Education,630,2,,,54:25.3,0
1687,67,Male,West,Primary,Unemployed,685912.6,359686.22,Home,673,12,149,61.49,54:25.3,1
1688,44,Male,West,Primary,Salaried,686677.72,276769.55,Home,641,12,198,44.09,54:25.3,1
1689,19,Other,West,Graduate,Unemployed,167138.03,302925.15,Education,,12,43,66.92,54:25.3,0
1690,22,Female,West,Primary,Unemployed,534280.11,272972.32,Other,543,,82,76.82,54:25.3,0
1691,46,Male,East,Post-Graduate,Salaried,830712.69,289388.05,Other,594,,108,74.81,54:25.3,0
1692,54,Male,West,Primary,Salaried,496278.4,470465.1,Education,679,6,197,73.65,54:25.3,0
1693,55,Male,South,Post-Graduate,Unemployed,384387.57,539076.62,Business,753,9,137,45.85,54:25.3,0
1694,36,Other,North,Secondary,Unemployed,472665.98,337709.21,Home,644,5,156,35.21,54:25.3,0
1695,25,Female,East,Secondary,Unemployed,586344.48,290003.02,Home,670,8,26,,54:25.3,0
1696,65,Other,,Secondary,Unemployed,429725.91,140436.32,Education,707,8,82,58.29,54:25.3,1
1697,62,Other,East,Secondary,Salaried,846763.45,223958.18,Education,601,0,83,71.88,54:25.3,0
1698,18,Female,West,Primary,Salaried,587066.49,287326.4,Business,,,131,24.49,54:25.3,0
1699,39,,South,Graduate,Unemployed,488886.13,228493.68,Other,606,0,73,74.27,54:25.3,0
1700,69,Female,North,Primary,Self-Employed,339731.29,239009.92,Car,702,7,100,67.06,54:25.3,0
1701,34,Male,West,Post-Graduate,Self-Employed,696889.32,457538.95,Other,659,11,49,78.52,54:25.3,0
1702,24,Female,West,Primary,Salaried,692333.26,302879.08,,668,12,145,71.62,54:25.3,0
1703,42,Male,West,Primary,Unemployed,441558.22,311821.2,Education,603,11,63,29.6,54:25.3,0
1704,62,Other,West,Post-Graduate,Unemployed,152734.19,232580.94,Business,692,9,55,17.42,,0
1705,21,Other,North,Secondary,Salaried,682152.44,417754.47,Other,775,6,151,17.86,54:25.3,0
1706,53,Male,North,Secondary,Self-Employed,562639.32,278742.14,Business,590,2,34,30.39,54:25.3,0
1707,23,Other,South,Secondary,Self-Employed,667214.23,247913.63,Other,630,,105,52.99,54:25.3,0
1708,48,Female,North,Graduate,Self-Employed,991434.91,141924.92,Home,664,1,105,66.3,54:25.3,0
1709,36,Male,West,Post-Graduate,Salaried,,293889.81,Car,697,3,69,,54:25.3,0
1710,61,Other,South,Post-Graduate,Self-Employed,497232.28,244794.2,Business,616,2,15,53.66,54:25.3,0
1711,56,Male,South,,Salaried,370535.61,468457.97,Business,480,6,175,10.39,54:25.3,0
1712,44,Female,South,Graduate,Salaried,537515.64,484389.87,Car,732,9,3,23.04,54:25.3,1
1713,27,Female,West,Secondary,Unemployed,632115.47,176471.95,Business,696,7,156,16.98,54:25.3,0
1714,43,Other,East,Graduate,Self-Employed,610661.48,,Business,545,5,3,35.43,54:25.3,0
1715,,Female,West,Post-Graduate,Salaried,944693.07,272368.04,Other,614,2,,45.09,,0
1716,56,Male,North,Post-Graduate,,699817.11,218396.21,Other,744,5,4,13.04,54:25.3,0
1717,20,Female,North,Primary,Self-Employed,573039.83,321741.66,Car,737,1,88,34.39,54:25.3,0
1718,62,Male,West,Primary,Unemployed,458687.88,267337.65,Home,706,,159,22.54,54:25.3,0
1719,30,Male,West,Post-Graduate,Self-Employed,653334.55,328053.23,Business,639,6,45,55.29,54:25.3,0
1720,67,Female,South,Secondary,Unemployed,418598.37,401609.35,Home,655,10,187,42.5,54:25.3,0
1721,45,Other,West,Secondary,Salaried,635966.22,193577.85,Car,642,9,45,44.67,54:25.3,0
1722,37,Female,South,Graduate,Self-Employed,697482.79,399521.12,Car,718,6,75,39.94,54:25.3,0
1723,45,Male,North,Post-Graduate,Salaried,556709.56,227134.76,Other,597,,165,76.92,54:25.3,0
1724,25,Male,South,Post-Graduate,Self-Employed,473942.71,514848.28,Business,602,12,193,25.03,54:25.3,0
1725,58,Female,West,Secondary,,162940.63,462097.6,Education,711,7,9,46.17,54:25.3,0
1726,56,Other,North,Secondary,Self-Employed,828767.35,288691.97,Car,647,3,145,61.52,54:25.3,0
1727,18,Other,East,Post-Graduate,Self-Employed,680660.08,203641.66,Business,733,6,118,48.98,54:25.3,0
1728,20,Male,South,Primary,Self-Employed,685523.46,184513.4,Home,610,3,,75.03,54:25.3,0
1729,30,Male,North,Post-Graduate,Self-Employed,287729.53,387362.85,Other,647,12,131,36.46,54:25.3,0
1730,45,Other,South,Post-Graduate,Self-Employed,875967.74,296959.72,Home,595,11,26,42.46,54:25.3,0
1731,66,Female,North,Secondary,Self-Employed,506956.63,392686.69,Car,650,4,181,16.2,54:25.3,0
1732,42,Male,North,Secondary,Self-Employed,542240.94,520422.9,Car,561,6,159,52.63,54:25.3,0
1733,50,Male,South,Primary,Self-Employed,386142.63,222961.71,Home,621,12,26,30.17,54:25.3,0
1734,55,Other,East,Primary,Self-Employed,242610.85,176986.18,Car,564,12,23,21.22,54:25.3,0
1735,23,Female,North,Graduate,Salaried,831469.26,319256.02,Business,692,9,30,48.12,54:25.3,0
1736,61,Other,North,Post-Graduate,Unemployed,857319.47,414475.96,Car,693,2,,47.26,54:25.3,0
1737,62,Female,North,Secondary,Self-Employed,566894.37,205953.97,Other,546,9,72,15.31,,0
1738,49,Female,East,Primary,Unemployed,464123.09,303462.47,Business,730,4,,58.88,54:25.3,0
1739,62,Female,East,Graduate,Self-Employed,524591.17,437004.37,Education,800,10,150,53.66,54:25.3,0
1740,64,Male,West,Graduate,Self-Employed,530077,136712.22,Car,653,2,143,23.23,54:25.3,0
1741,38,Other,South,Secondary,Salaried,360028.06,323531.8,Car,612,4,123,42.86,54:25.3,0
1742,33,Other,East,Secondary,,541548.96,245989.69,Other,819,2,105,60.42,54:25.3,0
1743,38,Female,South,Graduate,Unemployed,630620.4,312415.66,Other,571,10,184,47.06,54:25.3,0
1744,28,Male,West,Primary,Salaried,,370978.43,Home,651,9,74,37.68,54:25.3,0
1745,54,Male,South,Graduate,Salaried,602848.83,322080.85,Home,661,10,148,32.56,54:25.3,0
1746,53,Other,East,Post-Graduate,Unemployed,284729.66,198977.76,Home,731,6,105,52.73,54:25.3,0
1747,52,Male,South,Post-Graduate,Salaried,670709.57,249875.39,Other,672,12,47,75.74,54:25.3,1
1748,36,,East,Secondary,Self-Employed,548813.89,442659.3,Home,620,0,87,,54:25.3,0
1749,37,Female,South,Primary,Unemployed,874081.94,332893.29,Home,,8,53,15.23,54:25.3,0
1750,35,Male,East,Primary,Unemployed,885891.56,384031.91,Education,629,8,181,42.25,54:25.3,0
1751,64,Female,,Post-Graduate,Self-Employed,892890.86,325029.53,Home,590,4,129,72.36,54:25.3,0
1752,58,Other,South,Graduate,,487682.41,380911.61,Car,653,8,2,16.61,54:25.3,0
1753,66,Male,West,,Unemployed,997971.01,260385.39,Other,616,9,58,79.22,54:25.3,1
1754,31,Other,North,Graduate,,670188.5,223248.84,Business,560,,147,76.43,54:25.3,0
1755,32,Other,West,Graduate,Self-Employed,925276.08,376369.77,Education,725,5,190,15.48,54:25.3,0
1756,48,Male,South,Graduate,Self-Employed,499476.08,412737.4,Other,620,4,72,75.34,54:25.3,0
1757,18,Male,West,Primary,Salaried,,208571.87,Other,574,12,140,35.42,54:25.3,1
1758,20,Other,East,Post-Graduate,Unemployed,654805.47,242405.52,Car,640,2,154,69.13,,0
1759,33,Male,North,Primary,Salaried,630375.52,283677.36,Home,654,10,27,39.29,,0
1760,40,Female,South,Post-Graduate,Salaried,850962.39,461982.46,Car,545,10,29,40.86,54:25.3,0
1761,28,Female,South,Secondary,,553574.14,356313.55,Home,670,7,15,54.4,54:25.3,0
1762,29,Male,South,Secondary,Unemployed,832923,167591.32,Home,,3,174,64.21,54:25.3,0
1763,27,Other,North,Graduate,Unemployed,746446.9,290701.72,Other,753,9,129,12.37,54:25.3,0
1764,49,Male,East,Post-Graduate,Unemployed,557321.56,,Home,681,12,60,51.52,54:25.3,0
1765,33,Male,South,Post-Graduate,Self-Employed,730935.32,182673.04,Education,626,12,107,23.07,54:25.3,0
1766,25,Other,West,Post-Graduate,Self-Employed,505346.99,289520.81,Education,605,2,185,34.22,54:25.3,0
1767,55,Other,South,Graduate,Self-Employed,1070041.16,270996.26,Education,644,12,3,34.36,54:25.3,0
1768,29,Female,South,Graduate,Self-Employed,67133.54,263836.75,Other,687,5,115,42.83,54:25.3,0
1769,41,Other,South,Secondary,Self-Employed,734588.64,259261.86,Car,648,7,146,33.39,54:25.3,1
1770,45,Female,South,Primary,Unemployed,247080.82,447139.35,Business,637,12,52,17.52,54:25.3,0
1771,25,Other,East,Post-Graduate,Salaried,554868.66,263629.69,Home,654,8,60,20.19,54:25.3,1
1772,45,Male,West,Post-Graduate,Unemployed,582878.38,304967.11,Business,614,5,34,12.34,,1
1773,53,Female,East,Primary,,,294123.53,Car,629,,,42.92,54:25.3,0
1774,43,Female,West,Post-Graduate,Self-Employed,461569.56,249498.31,Car,525,11,89,76.81,54:25.3,0
1775,,Female,South,Graduate,Salaried,861602.38,,Other,708,10,60,18.1,54:25.3,0
1776,67,Male,North,Graduate,Unemployed,364236.67,306535.06,Education,668,1,154,76.24,54:25.3,0
1777,45,Male,East,Post-Graduate,Unemployed,869333.94,,Education,604,1,19,61.34,54:25.3,0
1778,45,Male,North,Graduate,Salaried,505130.91,214076.69,,764,8,111,54.62,,0
1779,54,Male,East,Graduate,Self-Employed,614686.9,279387.55,Other,655,1,22,55.17,54:25.3,0
1780,58,Male,South,Post-Graduate,Self-Employed,532724.27,376032.19,Other,588,1,161,67.87,54:25.3,0
1781,53,Female,East,Secondary,Unemployed,856472.69,282018.34,Home,701,2,166,17.48,54:25.3,0
1782,44,Male,South,Primary,,817547.97,,Education,674,2,128,,54:25.3,1
1783,34,Female,East,,Self-Employed,688700.34,316703.7,Car,,3,35,58.8,,0
1784,26,Male,South,Secondary,Self-Employed,369626.32,341739.51,Business,624,6,107,51.08,54:25.3,1
1785,50,Other,South,Graduate,Unemployed,456995.63,355865.09,Education,677,8,128,68.29,54:25.3,0
1786,37,Female,West,Graduate,Self-Employed,394284.69,282584.94,Home,634,1,195,15.06,54:25.3,1
1787,30,Other,South,,Salaried,150371.42,208866.47,Other,683,3,,58.35,54:25.3,0
1788,45,,West,Graduate,Unemployed,852263.62,178128.47,Car,536,8,138,47.38,54:25.3,0
1789,65,Other,,Primary,Unemployed,534435.29,401768.64,Education,624,1,143,36.54,54:25.3,0
1790,46,Male,North,Primary,Salaried,532301.21,377025.04,Business,753,9,,33.82,54:25.3,0
1791,30,Male,South,Primary,Unemployed,899220.45,364936.47,Home,604,10,111,53.46,54:25.3,1
1792,63,Male,North,Secondary,Self-Employed,504802.28,381120.35,Home,614,12,90,,54:25.3,0
1793,52,Female,North,Post-Graduate,Self-Employed,431905.81,283844.4,Education,623,0,24,44.73,54:25.3,1
1794,23,Other,South,Secondary,Salaried,555050.88,237512.36,Business,577,9,,67.73,54:25.3,0
1795,35,Male,North,Post-Graduate,Self-Employed,373466.19,201959.26,Home,518,7,101,38.15,54:25.3,0
1796,68,Other,West,Post-Graduate,Salaried,668871.15,191065,Car,636,8,132,17.17,54:25.3,0
1797,22,Other,East,Primary,Salaried,525267.58,421215.87,Home,658,6,13,14.31,54:25.3,0
1798,64,Male,South,Graduate,Self-Employed,,250685.51,Business,647,7,185,13.59,54:25.3,0
1799,42,Male,North,Primary,Salaried,481219.37,405485.91,Other,641,3,98,,54:25.3,1
1800,19,Other,South,,Self-Employed,578755.7,281311.42,Other,653,3,120,33.61,54:25.3,1
1801,27,Male,West,Post-Graduate,Unemployed,616696.23,232375.88,Education,711,12,37,60.26,54:25.3,1
1802,47,Male,South,Primary,Unemployed,496004.98,190563.52,Business,639,1,48,62,54:25.3,1
1803,67,Male,South,Graduate,,528246.81,241184.56,Home,616,7,199,13.56,54:25.3,0
1804,62,Female,North,Secondary,Self-Employed,583695.43,441823.88,Home,633,10,1,25.48,54:25.3,0
1805,22,Other,West,Graduate,Self-Employed,563516.37,,Other,685,1,60,29.2,54:25.3,0
1806,50,Other,East,Primary,Unemployed,606215.19,511674.68,Other,735,8,140,48.33,54:25.3,1
1807,,Female,East,Secondary,,464665.84,215939.26,Car,612,3,149,20.12,54:25.3,0
1808,35,Other,North,Graduate,Self-Employed,800918.58,374995,Other,656,0,139,19.38,54:25.3,0
1809,49,Male,South,Graduate,Salaried,619365.64,285474.87,Car,670,12,44,76.07,54:25.3,0
1810,,Other,North,,Unemployed,499230.65,267944.04,Home,590,3,115,66.29,,0
1811,66,Male,North,Graduate,Salaried,668876.84,172857.92,Car,651,2,186,22.65,54:25.3,0
1812,28,Female,North,Graduate,Salaried,585126.28,290160.7,Car,562,11,108,38.46,54:25.3,1
1813,38,Male,South,Secondary,Unemployed,253234.73,184171.4,Education,544,5,44,34.89,54:25.3,0
1814,43,Other,West,Post-Graduate,,668190.54,131842.29,Other,672,,78,65.37,54:25.3,0
1815,42,Other,North,Secondary,Salaried,396098.76,311959.87,Car,627,7,162,45.71,54:25.3,0
1816,39,Other,South,Secondary,Self-Employed,786885.56,236457.69,Home,662,1,25,18.95,54:25.3,0
1817,44,Female,West,Secondary,Salaried,551650.07,468434.85,Business,649,5,132,61.73,54:25.3,0
1818,,Female,North,Post-Graduate,Self-Employed,,400002.17,Car,591,5,192,37.78,54:25.3,0
1819,30,Other,East,Primary,Unemployed,473956.29,469743.22,Other,647,9,116,28.4,54:25.3,1
1820,50,Male,West,Post-Graduate,Unemployed,613985.85,231911.71,Education,576,11,119,36.28,54:25.3,0
1821,51,Female,North,Secondary,Self-Employed,842048.7,313613.77,Home,733,4,144,44.84,54:25.3,0
1822,58,Other,West,Graduate,Unemployed,546196.69,37932.9,Education,569,9,10,34.02,54:25.3,0
1823,52,Other,West,Graduate,Salaried,481836.58,271819.76,Business,638,9,109,26.93,54:25.3,0
1824,18,Female,West,Secondary,Salaried,731008.12,309849.83,Car,587,6,194,37.9,54:25.3,0
1825,38,Female,West,Graduate,Salaried,727132.32,315404.81,Car,,2,35,11.34,54:25.3,0
1826,65,Female,West,Secondary,Unemployed,490250.17,295763.16,Other,630,3,134,64.07,54:25.3,0
1827,23,Male,West,Graduate,Salaried,202907.8,306659.26,Car,619,9,19,21.97,54:25.3,0
1828,45,Male,North,Post-Graduate,Unemployed,477995.4,28675.74,Home,701,12,187,13.07,54:25.3,1
1829,34,Other,East,Primary,Salaried,735471.9,325622.18,Business,652,8,181,55.76,54:25.3,0
1830,22,Female,South,Primary,Self-Employed,444993.16,348343.99,Education,681,3,8,64.18,54:25.3,0
1831,48,,West,Post-Graduate,Unemployed,597812.43,433802.54,Business,,2,10,66.97,54:25.3,0
1832,22,Female,,Post-Graduate,Unemployed,468503.01,336873.81,Car,566,1,195,44.55,54:25.3,1
1833,55,Other,North,Secondary,Salaried,213566.57,286926.29,Education,656,,166,24.38,54:25.3,0
1834,20,Male,West,Secondary,Unemployed,464903.76,410494.19,Other,631,3,29,61.61,54:25.3,1
1835,40,Male,East,Secondary,Unemployed,734626.4,64266.58,,688,12,15,58.98,54:25.3,0
1836,54,Male,,Graduate,Self-Employed,125949.5,,Education,645,12,87,27.24,54:25.3,0
1837,54,Other,,Secondary,Self-Employed,650433.47,223419,Education,662,7,23,73.24,54:25.3,0
1838,27,Female,North,Post-Graduate,Salaried,,296547.82,Education,553,6,46,17.31,54:25.3,0
1839,27,Male,East,Primary,Self-Employed,721688.41,80130.72,Home,763,5,28,78.79,54:25.3,0
1840,36,Other,South,,Salaried,742863.79,431963.57,Business,640,10,26,,54:25.3,0
1841,34,Female,South,Secondary,Salaried,565610.41,275019.01,Education,692,11,10,58.15,54:25.3,1
1842,38,Other,West,,,566066.37,331879.67,Business,600,1,175,75.71,54:25.3,1
1843,31,,East,Graduate,Unemployed,438727.46,322309.12,Education,668,2,4,60.56,,0
1844,26,Other,East,Secondary,,330883.32,426248.99,Other,,9,55,23.33,54:25.3,0
1845,,Female,East,Graduate,Salaried,,113804.99,Other,,8,66,40.95,54:25.3,0
1846,18,Male,East,Primary,Self-Employed,426985.71,311232.12,Other,629,12,67,15.01,54:25.3,0
1847,68,Female,North,Post-Graduate,Salaried,913559.23,414617.83,Car,652,8,135,37.28,,0
1848,62,Other,East,Post-Graduate,Self-Employed,428099.99,290201.36,Education,692,4,55,61.91,54:25.3,1
1849,30,Other,South,Primary,Self-Employed,705038.08,,Car,576,2,31,37.05,54:25.3,1
1850,21,Female,South,Graduate,Salaried,372438.57,239610.99,Business,609,,74,33.12,54:25.3,0
1851,18,Male,North,Secondary,Unemployed,704679,260705.8,Car,677,7,19,51.67,54:25.3,0
1852,66,Male,South,Graduate,Self-Employed,534882.53,227895,Business,776,5,156,71.05,54:25.3,0
1853,57,Female,South,Primary,Unemployed,,284718.89,Business,,9,81,13.33,54:25.3,0
1854,49,Female,East,Graduate,,722004.63,450824.74,Business,685,10,156,36.98,54:25.3,0
1855,51,Other,South,Post-Graduate,Salaried,506171.73,240263.52,Car,644,11,147,21.08,,0
1856,,Male,North,Graduate,Salaried,314370.3,251232.6,Education,767,6,87,58.67,54:25.3,0
1857,48,Female,East,Primary,Salaried,752261.11,345978.06,Car,545,0,20,17.4,54:25.3,0
1858,25,Male,West,Post-Graduate,Self-Employed,370819.88,282517.96,Education,656,0,13,56.54,54:25.3,0
1859,56,Female,,Graduate,Salaried,703303.46,167081.49,Education,552,9,77,30.03,54:25.3,0
1860,43,Female,,Graduate,Salaried,794599.31,293881.16,Business,500,1,43,23.92,54:25.3,1
1861,51,Male,East,Post-Graduate,Self-Employed,524901.22,290110.86,Car,668,9,139,75.54,54:25.3,0
1862,20,Female,East,Secondary,Self-Employed,836470.57,397567.83,Education,658,2,176,11.3,54:25.3,0
1863,67,Female,North,Post-Graduate,Salaried,696356.74,202784.76,Other,633,11,143,40.64,54:25.3,0
1864,,Other,East,Secondary,Salaried,460827.72,398231.95,Education,644,,145,11.51,54:25.3,0
1865,18,Female,North,Primary,Salaried,,290216.92,Other,836,4,182,43.85,54:25.3,0
1866,,Female,North,Primary,Salaried,371665.64,189205.83,Car,635,2,50,45.07,54:25.3,1
1867,22,Female,West,Post-Graduate,Unemployed,524659.91,169122.17,Car,681,0,28,32.52,54:25.3,0
1868,47,Other,South,Post-Graduate,Unemployed,558737.04,493438.85,Car,611,7,4,19.25,54:25.3,1
1869,47,Male,South,Primary,Salaried,721044.74,284008.4,Education,668,11,22,36.35,54:25.3,0
1870,34,Other,,Secondary,Unemployed,823086.66,393650.41,,636,10,119,57.06,54:25.3,0
1871,65,Other,East,Primary,Self-Employed,810558.31,129188.06,Education,625,5,101,64.77,54:25.3,1
1872,64,Male,West,Post-Graduate,Unemployed,644749.66,563769.49,Education,759,8,39,47.15,54:25.3,0
1873,40,,West,Primary,Unemployed,543946.18,389324.46,Business,721,2,34,51.29,54:25.3,1
1874,32,Male,West,Post-Graduate,Salaried,234803.15,274455.98,Business,658,8,97,24.04,54:25.3,0
1875,54,Other,North,Post-Graduate,Unemployed,337170.83,269383.41,Education,512,8,44,30.11,54:25.3,1
1876,38,Male,West,Primary,Unemployed,953331.1,373459.81,Other,,11,170,21.33,54:25.3,0
1877,31,Female,West,Secondary,Unemployed,232785.6,367718.17,Business,812,12,40,27.45,54:25.3,0
1878,19,Other,East,Graduate,Unemployed,443101.87,318252.93,Education,636,,97,25.74,54:25.3,0
1879,28,Other,West,Primary,Self-Employed,828921.26,301087.88,Home,716,0,140,46.36,54:25.3,0
1880,68,Other,North,Graduate,Salaried,641942.66,356106.71,Other,737,2,130,49.39,54:25.3,1
1881,56,Other,North,Primary,Salaried,785609.01,125829.64,Car,663,5,156,76.15,54:25.3,0
1882,55,Female,East,Graduate,Self-Employed,708565.67,262872.53,Education,599,7,74,23.69,54:25.3,0
1883,51,Other,West,Secondary,Unemployed,893916.51,135313.61,Education,504,3,86,54.92,54:25.3,0
1884,55,Female,West,Secondary,Self-Employed,659085.46,360459.23,Other,691,4,90,67.21,54:25.3,0
1885,67,Female,North,Primary,Unemployed,732689.55,,Business,601,8,67,49.22,54:25.3,0
1886,,Female,West,Post-Graduate,Self-Employed,455150.69,142842.19,,661,5,199,27.85,54:25.3,0
1887,35,Female,West,Graduate,Salaried,717266.6,220621.35,Business,575,11,76,28.38,54:25.3,1
1888,47,Male,West,Post-Graduate,Salaried,520774.78,314935.62,Car,634,6,92,12.75,54:25.3,0
1889,32,Male,South,Post-Graduate,,509378.83,,Other,652,6,10,31.38,54:25.3,0
1890,44,Other,East,Post-Graduate,Unemployed,778944.7,182684.34,Other,666,3,86,62.12,54:25.3,0
1891,68,,South,Secondary,Unemployed,780324.68,129513.14,Business,583,3,102,13.33,54:25.3,0
1892,51,Male,East,Primary,Self-Employed,937688.43,307393.28,Business,722,3,185,25.35,54:25.3,0
1893,69,Other,North,Primary,Self-Employed,924652.64,241923.19,Home,614,10,108,59.44,54:25.3,0
1894,55,Other,West,Secondary,Salaried,783463.03,274191.93,Home,550,4,165,64.79,54:25.3,0
1895,50,Other,East,,Unemployed,255910.88,284031.48,Education,643,4,91,41.87,54:25.3,1
1896,41,Male,South,Primary,Self-Employed,965536.2,343006.57,Education,652,7,192,58.87,54:25.3,0
1897,32,Male,West,Post-Graduate,Unemployed,783593.53,384694.65,Other,660,8,79,37.16,54:25.3,0
1898,47,Other,North,Graduate,Unemployed,446827.98,314650.92,Other,732,1,86,21.19,54:25.3,0
1899,59,Female,East,Graduate,Salaried,745781.83,267953.75,Car,,10,107,37.87,54:25.3,0
1900,68,Other,East,Graduate,Salaried,392546.85,302476.35,Car,643,6,168,50.6,54:25.3,0
1901,34,Female,East,Post-Graduate,Unemployed,723726.02,266076.3,Home,584,0,101,76.36,54:25.3,1
1902,,Female,West,Primary,Unemployed,336745.99,135744.66,Education,699,0,108,14.81,54:25.3,0
1903,46,Other,South,Secondary,Unemployed,,409194.62,Home,661,3,60,45.52,54:25.3,0
1904,21,Other,South,Primary,Unemployed,741985.83,390343.89,Home,625,9,48,33.02,54:25.3,0
1905,27,Other,East,Post-Graduate,Salaried,814577.35,498833.4,Education,536,6,117,45.58,54:25.3,0
1906,34,Male,North,Secondary,Self-Employed,665087.37,528049.93,Car,737,1,106,11.68,54:25.3,1
1907,27,Female,North,Post-Graduate,Salaried,542766.27,182397.99,Education,576,10,147,,54:25.3,0
1908,34,Male,South,Graduate,Self-Employed,177026.74,266460.01,Business,615,1,33,67.39,54:25.3,0
1909,37,Male,North,Graduate,Unemployed,558195.78,551153.96,Business,672,0,,48.78,54:25.3,0
1910,41,Other,South,Post-Graduate,Self-Employed,706697.02,295944.94,Business,,9,165,41.54,54:25.3,0
1911,22,Male,East,Secondary,Salaried,536646.98,324421.09,Other,560,1,,29.99,54:25.3,0
1912,51,Other,South,Secondary,Salaried,595484.41,147887,Car,523,12,89,30.86,,0
1913,23,Female,South,Primary,Unemployed,562876.51,315028.86,Car,693,6,36,36.82,54:25.3,0
1914,19,Other,East,Graduate,Salaried,535658.76,493194.04,Other,617,8,81,68.49,54:25.3,0
1915,30,Male,North,Primary,Unemployed,615175.48,428662.58,Home,826,5,88,77.7,,0
1916,60,Male,South,Primary,Salaried,545461.08,239001.54,Business,590,9,,40.71,54:25.3,0
1917,60,Other,South,Post-Graduate,Salaried,888657.91,260368.36,Business,595,1,130,37.53,54:25.3,1
1918,65,Other,East,Post-Graduate,Unemployed,158716.23,186909.97,Home,616,,31,,54:25.3,0
1919,28,Male,North,Primary,Self-Employed,490831.48,214883.69,Education,665,9,,39.88,54:25.3,1
1920,68,Female,South,Graduate,Salaried,425948.76,108978.81,Education,622,9,30,48.64,54:25.3,0
1921,64,Female,East,Post-Graduate,Self-Employed,,291518.03,Car,687,12,172,26.17,54:25.3,1
1922,40,Other,South,Primary,Salaried,615428.96,451011.07,Other,591,8,12,62.05,54:25.3,0
1923,33,Female,West,Primary,Salaried,924438.62,335543.19,Car,567,6,51,47.24,54:25.3,0
1924,48,Male,East,Primary,,990228.41,436623.9,Education,542,10,121,,54:25.3,0
1925,28,Other,North,Primary,,445383.31,407324.94,Home,517,0,177,64.65,54:25.3,0
1926,33,Male,North,Primary,Self-Employed,600100.01,245319.19,Car,619,11,152,25.05,54:25.3,0
1927,25,Male,North,Primary,Self-Employed,639260.88,224049.33,Business,632,8,152,60.09,54:25.3,0
1928,21,Female,North,Post-Graduate,Salaried,440437.25,227881.54,Business,612,1,188,66,54:25.3,1
1929,57,Other,South,Graduate,Salaried,725676.41,128293.81,Home,725,3,139,34.23,54:25.3,0
1930,21,,South,,Self-Employed,552098.53,303233.02,,724,8,13,22.08,54:25.3,0
1931,42,Female,North,Secondary,Unemployed,386473.03,9553.56,Business,630,3,91,10.18,54:25.3,0
1932,,Male,North,Post-Graduate,Unemployed,544086.34,359141.55,Business,542,2,74,41.56,54:25.3,0
1933,49,Male,North,Post-Graduate,Self-Employed,,307188.09,Other,616,0,192,34.67,54:25.3,0
1934,20,Male,South,Primary,Salaried,807329.37,347143.99,Car,614,6,20,48.84,54:25.3,0
1935,44,Male,North,Post-Graduate,Salaried,980311.85,405701.63,Education,611,5,72,23.16,54:25.3,0
1936,,Other,North,Primary,Unemployed,648963.87,319879.46,Car,608,9,73,70.18,54:25.3,0
1937,49,Other,West,Graduate,Unemployed,622255.35,463157.17,Education,611,3,71,28.04,54:25.3,1
1938,67,Female,West,Graduate,Self-Employed,630486.95,362194.58,Business,627,5,78,25.85,54:25.3,0
1939,68,Female,North,Post-Graduate,Unemployed,836446.81,224287.32,Other,612,5,28,43.65,,1
1940,36,Other,East,Post-Graduate,Self-Employed,832139.8,276228.9,Car,,,130,44.92,54:25.3,0
1941,38,Other,North,Secondary,Unemployed,576869.29,73870.9,Business,672,3,121,25.06,54:25.3,0
1942,22,Male,,Post-Graduate,Unemployed,650517.99,209780.96,Education,595,12,43,29.03,54:25.3,0
1943,35,Male,East,Secondary,Unemployed,730529.28,261900.36,Car,726,5,8,21.88,54:25.3,0
1944,45,Female,East,Graduate,Salaried,372462.51,354627.36,Car,,9,13,60.29,54:25.3,0
1945,59,Other,North,Graduate,Salaried,842521.65,224963.9,Business,553,10,111,63.91,54:25.3,0
1946,39,Female,West,Primary,Salaried,946966.38,175373.6,Car,673,7,35,42.36,54:25.3,0
1947,38,Other,West,Graduate,Unemployed,833006.42,111246.81,Other,,12,23,59.99,54:25.3,0
1948,23,Male,East,Secondary,,350881.22,240358.25,Other,669,2,46,61.52,54:25.3,1
1949,18,Female,,Post-Graduate,Self-Employed,205999.91,495085.18,Business,506,3,15,19.68,54:25.3,0
1950,22,Female,South,Primary,Self-Employed,741743.73,327110.7,Education,734,9,130,77.63,54:25.3,0
1951,58,Other,South,Secondary,Self-Employed,447962.11,393957.94,Business,690,12,61,67.47,54:25.3,0
1952,29,,West,Post-Graduate,Salaried,657426.67,209994.58,Other,560,11,115,24.31,54:25.3,0
1953,43,Female,South,Primary,Salaried,907029.74,142655.02,Home,561,0,64,23.03,54:25.3,0
1954,63,Male,,Graduate,Unemployed,468608.96,177892.25,Home,750,3,52,18.8,54:25.3,0
1955,51,Female,West,Secondary,Unemployed,524489.07,,Car,606,10,164,19.69,54:25.3,0
1956,66,Male,West,Post-Graduate,Self-Employed,655344.59,100587.12,Car,600,9,195,62.37,54:25.3,1
1957,31,Other,South,,Salaried,340498.07,199340.96,Home,514,9,69,42.88,54:25.3,0
1958,43,Female,West,Primary,Self-Employed,448428.76,241363.93,Other,629,11,67,,54:25.3,0
1959,62,Female,East,Graduate,Unemployed,604971.5,167907.47,Car,636,,175,62.24,54:25.3,0
1960,44,Male,North,Post-Graduate,Unemployed,539909.03,87631.7,Business,,7,83,52.32,54:25.3,0
1961,26,Male,North,Graduate,Self-Employed,721681.55,328965.37,Business,566,10,2,58.05,54:25.3,0
1962,43,Female,West,Graduate,Unemployed,1153195.92,304587.14,Other,559,3,172,,54:25.3,0
1963,64,Other,North,Post-Graduate,Self-Employed,619827.67,377902.99,Car,677,11,192,,54:25.3,0
1964,39,Male,South,Post-Graduate,Salaried,431657.61,,Business,710,6,78,54.65,54:25.3,0
1965,64,Male,South,Post-Graduate,Self-Employed,883648.07,375992.27,Car,556,9,28,10.65,54:25.3,0
1966,47,Male,North,Secondary,Salaried,282236.3,452930.42,Car,715,2,54,,54:25.3,0
1967,60,Female,South,Post-Graduate,Salaried,322218.37,326221.47,Business,652,8,67,69.63,54:25.3,0
1968,65,Female,North,,Unemployed,480979.31,,Home,716,9,164,57.88,54:25.3,0
1969,34,Female,North,Graduate,Unemployed,543422.66,314508.06,Business,646,3,102,28.58,54:25.3,0
1970,43,,North,Secondary,Unemployed,476185.45,234221.26,Other,499,1,120,58.16,54:25.3,0
1971,53,Other,West,,Self-Employed,593697.54,217571.64,Education,641,9,191,65.47,54:25.3,1
1972,18,Other,North,Secondary,Self-Employed,654948.38,368326.04,Business,714,4,153,31.48,54:25.3,1
1973,25,Female,West,Post-Graduate,Unemployed,813791.91,286094.97,Car,596,1,48,12.52,54:25.3,0
1974,66,Other,North,Secondary,Self-Employed,618237.65,420509.57,Car,627,9,167,75.29,54:25.3,0
1975,52,Male,North,Graduate,Unemployed,487610.75,255757.7,Business,639,5,47,34.16,54:25.3,0
1976,69,Male,North,Graduate,Self-Employed,802929.08,265882.54,Education,476,,21,17.45,54:25.3,0
1977,32,Male,South,Primary,Salaried,,243348.9,Business,750,9,,44.43,54:25.3,0
1978,64,Female,West,Primary,Salaried,273479.45,187981.66,Education,596,0,92,63.79,54:25.3,0
1979,39,Male,West,Post-Graduate,Unemployed,841191.2,381442.49,Education,680,5,159,25.52,54:25.3,0
1980,31,Other,North,Graduate,Self-Employed,,518571.17,Other,645,3,121,28.86,54:25.3,0
1981,43,Female,North,Secondary,Self-Employed,441540.32,261777.28,Car,725,2,116,26.99,54:25.3,0
1982,45,Other,South,Secondary,Salaried,520180.23,231950.41,Car,674,1,,79.42,54:25.3,0
1983,40,Male,South,Secondary,Salaried,416614.49,225467.65,Education,636,6,,23.82,,0
1984,31,,South,,Unemployed,665324.84,232026.68,Car,596,8,149,50.29,54:25.3,0
1985,41,Male,West,Secondary,Salaried,946409.86,464978.37,Home,698,11,1,74.77,,0
1986,19,Female,West,Primary,Unemployed,740576.36,,Education,538,2,165,20.28,54:25.3,0
1987,62,Other,West,,Salaried,,241473.32,Car,689,5,77,77.96,54:25.3,0
1988,43,Female,North,Post-Graduate,Salaried,763945.67,175964.57,Home,584,8,85,76.32,54:25.3,0
1989,31,Female,West,Secondary,Self-Employed,599976.17,329364.88,Other,725,1,46,71.92,54:25.3,0
1990,68,Male,East,Secondary,Salaried,816668.09,293277.04,Car,660,6,137,,54:25.3,0
1991,24,Female,East,Graduate,Salaried,749006.11,186282.12,Home,689,4,145,54.38,,0
1992,20,Female,South,Post-Graduate,Unemployed,887889.14,210717.04,Business,655,4,,63.26,54:25.3,0
1993,64,Male,West,Graduate,Salaried,508090.21,453293.34,Business,545,10,59,79.02,54:25.3,0
1994,40,Female,,Post-Graduate,,252377.67,303270.78,Home,598,6,54,22.63,54:25.3,0
1995,,Male,South,Secondary,Salaried,809050.2,310168.54,Education,690,,86,63.62,54:25.3,0
1996,60,Male,West,Primary,Salaried,669953.9,310565.38,Education,660,3,12,33.72,54:25.3,0
1997,64,Male,North,Primary,Unemployed,540790.78,439462.54,Car,721,8,192,22.29,54:25.3,0
1998,62,Male,East,Primary,Self-Employed,551969.44,195478.56,Business,674,12,6,39.5,54:25.3,0
1999,35,Female,North,Primary,Unemployed,1110937.27,260360.45,Education,592,10,53,65.57,54:25.3,0
2000,55,Male,West,Primary,Unemployed,471561.07,283103.48,Education,602,9,144,42.54,54:25.3,0
